Temperature,Humidity,Hour,Day_of_Week,Occupants,Appliance_Usage_Hours,Previous_Consumption,Electricity_Consumption,Usage_Class
25.1,73.1,10,0,5,1.9,49.3,47.17,0
40.7,21.7,14,0,6,11.4,45.8,59.07,1
34.8,21.5,10,4,4,3.7,7.5,27.03,0
31.2,42.7,16,4,4,5.8,42.5,47.51,0
19.2,54.2,16,0,5,7.2,25.6,38.89,0
19.2,73.9,5,5,7,14.6,16.7,51.49,1
16.6,67.8,4,2,6,4.6,44.5,38.65,0
38.4,51.2,7,4,8,2.4,13.9,31.17,0
31.2,39.2,1,2,2,5.8,47.6,44.14,0
34.1,89.8,15,6,2,2.6,14.3,33.86,0
15.6,49.8,19,5,7,2.9,32.6,36.97,0
41.2,51.6,23,0,8,9.6,15.0,50.12,0
37.5,31.5,11,5,2,1.9,29.6,36.81,0
20.7,75.6,5,4,8,1.5,35.8,39.62,0
19.9,68.6,0,1,1,11.7,13.6,33.81,0
20.0,35.5,3,6,5,6.4,28.4,38.48,0
23.2,25.8,16,0,2,2.9,26.1,28.34,0
29.2,67.6,12,3,4,4.8,8.2,29.21,0
26.7,65.8,17,6,6,10.6,41.8,61.04,1
22.9,39.1,4,2,8,5.1,20.1,33.68,0
31.5,86.6,23,5,8,8.4,30.9,52.24,1
18.8,30.6,23,0,3,2.8,28.2,30.56,0
22.9,50.3,2,6,7,9.8,28.1,44.24,0
24.9,86.1,10,5,3,5.7,9.8,35.12,0
27.3,49.4,12,0,2,10.4,24.1,43.76,0
36.2,64.7,3,4,3,13.1,25.4,48.58,0
20.4,47.8,13,6,3,10.2,38.0,48.61,0
28.9,39.2,21,4,1,5.4,42.8,47.63,0
31.0,88.9,10,6,8,4.8,29.5,42.36,0
16.3,48.7,9,4,4,5.9,8.9,25.29,0
31.4,82.6,18,5,7,3.5,15.7,40.39,0
19.6,36.1,17,3,4,3.7,12.4,26.65,0
16.8,34.9,5,6,1,12.9,10.6,36.17,0
40.6,22.2,14,6,1,6.8,21.5,37.27,0
41.1,65.6,20,4,3,7.5,15.3,47.19,0
36.8,45.8,9,0,5,9.9,14.8,40.6,0
23.2,80.5,4,6,8,9.8,7.5,42.38,0
17.6,53.1,4,4,6,2.0,5.8,15.89,0
33.5,87.8,9,1,8,13.5,9.6,48.83,0
26.9,33.0,4,4,6,3.7,12.7,28.13,0
18.3,80.8,2,5,3,11.8,24.4,44.52,0
28.4,74.4,22,3,6,12.6,28.0,55.33,1
15.9,74.0,5,1,1,11.7,11.3,32.3,0
39.6,79.1,3,5,4,9.7,24.1,51.67,1
22.0,73.3,17,5,6,1.2,20.4,36.86,0
32.9,63.8,8,5,8,6.4,13.3,39.92,0
23.4,29.2,16,0,7,10.1,5.3,31.75,0
29.0,22.3,12,5,3,6.8,26.0,43.03,0
29.8,84.5,14,0,5,14.0,35.9,55.51,1
20.0,63.2,19,5,3,5.6,15.2,31.51,0
41.2,75.8,16,2,2,5.4,10.9,28.52,0
35.9,53.7,12,1,3,5.0,44.9,46.4,0
40.4,28.2,15,2,1,6.0,17.4,33.34,0
39.2,28.8,21,5,4,9.4,15.1,49.67,0
31.1,68.0,3,1,4,11.6,43.6,57.59,1
39.9,50.1,4,1,7,10.9,41.8,59.75,1
17.4,34.0,4,6,6,13.1,25.2,46.81,0
20.3,54.4,8,3,1,14.3,27.0,48.53,0
16.2,24.5,16,2,2,13.2,14.8,41.14,0
23.8,60.7,12,3,1,1.3,8.5,20.69,0
25.5,38.8,1,1,3,12.0,30.8,45.47,0
22.3,75.8,12,0,1,4.1,9.4,25.24,0
37.4,41.7,21,1,1,3.0,25.2,35.71,0
24.6,51.9,20,3,7,10.6,47.3,57.49,1
22.6,20.8,22,2,2,5.8,47.9,43.84,0
29.7,25.1,18,5,3,1.9,15.8,30.1,0
18.8,47.5,2,6,5,3.1,33.1,35.57,0
36.7,53.6,9,6,7,1.0,26.3,42.41,0
17.0,62.0,1,6,5,14.5,44.4,56.53,1
41.6,40.4,12,5,7,1.4,17.2,38.17,0
35.9,68.6,18,6,4,4.1,5.2,34.2,0
20.4,80.2,16,2,8,7.2,12.3,30.36,0
15.1,74.6,20,5,7,6.3,20.7,39.95,0
37.0,22.8,13,6,6,14.7,19.2,56.59,1
34.1,53.6,11,5,1,1.6,40.6,39.21,0
34.7,27.3,20,3,4,8.7,35.6,52.56,1
35.8,36.9,11,2,2,11.2,18.5,45.74,0
17.0,89.1,10,4,5,15.0,25.6,47.83,0
24.7,30.0,6,0,8,10.3,9.3,35.38,0
18.1,54.9,3,6,8,13.1,45.4,54.01,1
38.3,63.3,18,0,7,2.3,47.1,54.44,1
31.8,69.2,0,5,1,6.8,49.1,51.87,1
23.9,59.2,23,0,2,6.6,44.1,45.34,0
16.7,20.7,2,2,6,14.3,12.8,37.96,0
23.4,42.9,12,2,2,3.3,7.1,16.6,0
23.8,56.2,14,1,1,3.3,31.1,28.02,0
34.7,26.2,1,6,6,5.9,46.1,48.73,0
32.2,44.5,10,1,2,1.8,13.0,27.91,0
39.0,22.3,3,0,6,3.7,5.3,30.97,0
27.7,25.5,18,4,7,15.5,41.2,63.96,1
18.2,47.8,16,1,7,7.4,8.5,31.47,0
34.3,29.3,2,1,1,10.5,23.6,40.09,0
35.5,59.7,17,2,1,11.9,35.5,56.74,1
30.2,68.3,7,4,6,6.5,15.7,34.0,0
35.8,76.0,21,5,3,3.2,8.8,36.49,0
28.3,34.0,23,0,4,4.1,39.7,37.51,0
29.1,31.7,18,1,8,5.7,33.4,49.63,0
26.5,27.3,4,4,2,10.5,49.5,50.45,0
15.7,64.6,6,6,2,7.0,20.5,30.97,0
17.9,69.5,20,4,3,1.1,7.8,26.24,0
15.8,22.2,7,0,3,8.9,38.0,41.12,0
32.2,85.5,4,4,3,14.8,28.5,53.94,1
23.5,23.6,16,4,5,13.2,14.6,43.49,0
28.7,57.9,4,4,5,13.4,40.2,53.62,1
39.5,69.6,3,6,6,12.9,14.2,54.5,1
21.7,81.0,21,1,5,5.9,16.7,37.25,0
26.1,70.0,18,0,7,12.5,9.2,49.08,0
35.4,76.1,20,6,7,3.1,23.0,40.44,0
21.2,43.8,1,4,1,10.9,23.9,37.75,0
17.1,77.0,10,4,8,10.6,28.2,46.7,0
22.8,25.6,21,1,6,1.4,36.9,40.58,0
19.4,82.6,12,0,8,12.8,45.8,60.91,1
40.1,58.3,14,2,2,14.5,11.2,46.01,0
36.8,77.2,11,6,4,5.0,7.4,34.46,0
32.1,51.7,21,1,1,13.2,5.8,46.09,0
38.5,65.1,20,0,2,2.2,11.5,31.23,0
36.7,56.8,21,6,2,10.0,34.6,54.78,1
20.0,71.2,10,4,6,8.3,37.7,41.48,0
39.1,25.7,6,0,3,9.2,40.4,49.87,0
29.6,24.2,4,0,3,14.9,16.0,40.96,0
36.8,37.3,16,5,8,14.1,18.8,54.68,1
39.2,31.2,23,0,1,12.8,26.7,51.15,1
23.6,81.0,19,2,3,5.1,7.8,25.88,0
18.0,35.3,8,0,2,14.7,32.5,51.1,1
21.2,88.3,13,2,3,2.5,49.3,39.89,0
26.5,43.6,11,4,5,13.8,21.2,47.51,0
37.1,32.7,5,2,3,5.9,38.9,43.01,0
38.2,75.3,16,6,2,1.8,27.5,31.91,0
15.2,66.1,18,4,8,11.0,10.8,40.83,0
28.8,54.9,18,4,6,4.5,31.2,49.21,0
26.3,58.9,15,2,1,4.7,18.5,26.15,0
21.0,70.3,11,1,4,5.6,6.5,22.38,0
18.2,36.0,11,3,3,2.0,33.6,29.54,0
24.1,89.7,19,0,7,3.7,43.7,49.09,0
40.5,88.2,5,5,7,1.1,20.5,37.06,0
23.7,65.5,22,3,8,7.7,22.6,45.8,0
29.0,34.0,3,0,2,2.3,45.1,39.24,0
34.0,67.6,5,0,4,11.2,41.6,54.05,1
24.8,25.1,10,4,4,4.5,37.2,37.96,0
41.2,22.1,0,0,5,15.2,16.2,54.19,1
41.0,38.0,23,5,4,14.1,46.0,62.62,1
21.8,52.4,22,0,7,5.3,11.9,29.08,0
28.4,80.8,14,2,6,12.7,33.2,56.32,1
23.1,70.9,10,3,2,13.0,6.3,43.32,0
22.7,72.0,18,2,2,15.8,34.0,58.41,1
16.0,49.8,17,5,3,10.0,17.5,41.67,0
31.5,44.2,16,0,3,2.2,25.2,30.06,0
28.6,46.0,18,6,3,10.7,20.5,51.83,1
16.4,89.1,20,5,7,10.4,12.8,45.2,0
22.5,22.8,13,4,7,10.6,33.0,46.66,0
39.5,80.7,17,2,8,5.6,44.7,60.91,1
21.5,60.5,18,2,7,13.9,48.2,64.07,1
18.9,50.7,14,1,7,15.4,13.7,43.04,0
28.2,70.8,14,0,7,4.3,37.3,45.58,0
41.6,54.1,3,4,7,2.3,34.9,41.47,0
21.5,81.1,6,6,6,3.9,20.5,32.01,0
33.1,83.0,12,2,7,13.3,5.9,51.22,1
35.6,49.5,2,2,8,11.1,36.0,55.65,1
21.4,39.4,15,4,4,10.5,47.5,52.47,1
34.7,61.5,8,5,4,7.0,33.4,47.12,0
24.9,83.9,7,5,5,9.7,24.6,43.78,0
32.1,34.7,19,0,6,5.6,28.6,46.42,0
32.1,63.6,12,1,3,8.2,14.0,37.32,0
29.5,64.2,16,2,1,12.9,38.8,50.89,0
17.4,71.3,16,1,7,15.7,38.6,59.53,1
37.6,29.2,16,5,5,15.0,11.5,49.01,0
23.7,70.1,0,5,1,15.0,44.5,55.96,1
20.0,83.6,7,3,8,7.0,17.1,34.26,0
16.1,32.6,18,6,4,8.0,49.2,52.98,1
31.0,36.6,5,0,5,11.6,22.2,44.77,0
33.3,88.0,2,3,8,14.8,13.0,56.54,1
15.4,32.7,4,6,5,3.1,20.8,27.74,0
28.8,79.8,12,3,2,5.6,24.8,34.03,0
21.1,54.5,14,3,8,3.1,8.1,26.31,0
32.4,37.3,13,0,4,10.2,31.0,43.84,0
19.7,81.0,22,0,4,5.6,31.9,42.15,0
33.7,51.2,15,4,6,5.9,38.3,47.23,0
25.4,56.0,17,1,5,2.1,6.3,27.37,0
40.3,45.1,21,1,7,6.2,29.4,53.57,1
18.7,61.5,21,4,4,13.9,7.4,49.78,0
24.2,31.4,10,4,5,4.5,36.6,39.89,0
18.1,47.4,2,5,6,11.4,7.5,40.67,0
40.0,87.9,21,6,7,10.4,46.0,74.89,1
38.7,38.1,9,3,8,14.0,36.6,59.0,1
22.0,66.0,9,4,6,3.0,27.8,34.04,0
32.8,42.8,20,2,2,15.7,24.9,55.05,1
37.1,74.1,15,1,7,9.7,10.9,45.52,0
30.0,29.2,11,4,5,15.9,18.1,50.72,0
29.3,87.9,1,2,4,14.7,44.1,59.57,1
21.5,51.8,8,2,4,4.3,45.7,41.19,0
17.5,36.5,23,2,5,1.8,5.0,20.2,0
39.2,25.1,2,5,5,4.8,31.7,40.16,0
39.3,31.9,23,5,5,8.9,37.4,50.93,0
32.1,56.4,14,2,3,3.6,32.8,34.91,0
24.2,43.6,2,6,7,3.5,8.7,29.28,0
24.4,78.0,18,5,4,7.9,14.8,44.94,0
34.6,50.2,17,3,7,1.5,16.3,30.13,0
39.2,37.4,7,2,6,2.8,42.4,44.79,0
39.0,63.2,16,3,4,7.2,25.8,41.23,0
36.1,69.5,7,3,3,1.9,26.9,36.47,0
32.3,31.7,6,2,5,7.0,47.1,49.19,0
17.3,31.7,6,1,2,8.1,33.7,37.89,0
19.4,22.6,2,6,5,7.8,45.4,47.33,0
39.3,71.5,0,2,8,14.0,25.5,61.22,1
31.4,66.5,3,2,5,9.0,11.7,43.6,0
15.2,53.2,4,5,3,8.0,46.8,43.7,0
17.7,79.1,0,2,7,7.2,25.6,37.11,0
32.9,76.4,14,1,4,13.3,13.2,46.96,0
15.1,61.0,4,5,5,14.4,18.6,44.2,0
19.3,80.8,12,0,4,13.8,7.3,42.09,0
29.8,34.4,7,0,1,11.1,26.1,45.29,0
33.7,27.8,7,3,6,3.1,43.4,41.71,0
32.6,38.9,4,6,7,5.2,47.0,49.22,0
21.1,24.0,8,3,4,1.7,47.0,35.37,0
34.2,57.2,0,1,2,15.0,10.6,45.66,0
21.4,85.6,3,4,6,10.9,22.2,45.39,0
23.8,22.8,2,6,8,12.2,6.3,35.39,0
35.2,28.5,1,0,8,5.7,43.5,47.22,0
32.5,51.7,7,3,2,13.7,21.1,46.16,0
37.9,85.4,22,0,5,4.9,33.4,47.41,0
32.8,42.1,8,1,6,1.0,37.2,30.16,0
30.3,55.5,1,1,4,6.6,24.3,33.75,0
17.5,22.9,13,4,6,9.6,18.8,33.23,0
24.9,30.4,13,4,5,8.2,48.3,49.3,0
22.2,89.1,3,5,3,13.9,48.4,59.85,1
21.6,87.6,5,6,7,2.6,18.0,30.92,0
41.3,20.3,10,1,2,9.3,26.6,46.11,0
25.6,86.6,2,3,5,8.7,48.8,55.66,1
39.1,64.7,7,0,3,5.2,5.2,30.65,0
32.0,80.8,2,2,6,13.3,23.6,52.84,1
36.5,51.8,13,4,6,12.3,9.5,42.58,0
28.6,56.1,12,2,5,12.0,27.9,47.23,0
30.6,54.2,12,3,4,14.1,6.1,38.06,0
28.3,66.7,1,4,6,11.8,23.3,47.38,0
20.3,29.8,12,2,4,4.5,14.9,28.06,0
34.5,22.1,18,6,4,11.6,29.0,58.28,1
22.6,41.6,5,3,7,5.6,49.8,47.05,0
15.7,69.3,15,0,4,4.6,41.0,39.6,0
32.4,34.1,1,6,1,2.1,43.1,31.56,0
19.8,67.1,7,3,7,12.2,33.6,50.14,0
40.4,87.9,16,5,3,11.7,6.9,43.92,0
40.8,26.6,22,4,3,4.5,14.3,40.17,0
39.7,67.1,1,1,6,12.2,46.6,64.12,1
25.0,51.1,9,0,6,14.8,21.5,51.3,1
15.4,80.8,15,6,4,2.6,9.7,24.66,0
40.1,32.4,5,6,7,4.5,36.6,47.74,0
26.6,68.5,1,2,7,12.3,18.5,50.87,0
41.1,78.7,1,4,1,5.1,17.1,29.31,0
41.0,86.1,12,1,4,10.4,49.9,61.72,1
38.0,67.8,23,3,1,2.2,43.6,43.55,0
23.0,54.8,14,1,8,7.8,23.4,36.27,0
25.4,63.2,1,4,4,12.1,49.1,59.2,1
38.0,80.8,6,4,2,11.3,34.3,50.75,0
23.6,59.9,2,5,2,13.2,38.4,53.73,1
19.6,22.1,7,5,5,14.2,6.4,38.11,0
30.0,85.2,22,1,4,12.6,10.5,50.14,0
40.3,68.3,13,3,7,11.1,33.5,55.93,1
33.8,67.4,23,1,6,1.5,45.5,45.59,0
30.4,35.1,22,4,3,9.0,33.1,49.98,0
17.6,66.1,21,4,5,1.6,11.0,23.99,0
31.6,47.6,6,2,6,13.1,10.2,45.64,0
41.7,65.6,20,5,2,5.8,43.0,53.15,1
18.8,27.5,6,2,4,9.4,11.3,31.84,0
29.0,66.0,0,0,5,5.2,28.4,38.28,0
38.7,90.0,16,4,4,12.7,6.7,47.23,0
35.0,23.4,8,2,2,14.3,8.6,43.32,0
33.8,88.4,20,1,5,7.0,35.3,52.26,1
34.0,48.5,12,5,2,13.9,36.0,54.85,1
24.7,81.0,20,5,1,5.0,20.4,34.1,0
22.9,74.8,18,3,2,9.0,14.7,39.41,0
36.9,59.7,20,1,7,13.9,41.6,66.08,1
36.9,71.7,18,3,7,5.9,14.8,38.71,0
38.4,81.5,21,2,4,15.3,29.4,60.0,1
39.7,48.3,16,6,3,2.8,48.6,51.42,1
28.8,42.9,22,0,2,1.3,11.7,24.22,0
28.5,66.7,22,1,6,14.6,47.3,70.56,1
36.6,76.5,9,1,7,2.0,13.2,31.18,0
32.5,73.4,9,1,8,15.9,30.5,64.51,1
34.0,75.8,3,3,3,15.3,22.0,55.69,1
36.5,50.5,7,2,1,3.1,48.4,40.88,0
39.0,77.2,21,1,5,9.1,17.3,43.89,0
24.1,28.4,19,6,5,3.8,23.0,32.53,0
25.1,58.1,19,1,7,7.4,49.2,54.45,1
17.5,20.4,17,5,3,1.9,29.1,37.2,0
30.6,42.7,13,0,7,4.4,27.6,37.58,0
16.0,45.7,17,5,5,6.4,16.6,36.96,0
27.6,47.7,13,5,8,7.6,36.6,53.13,1
29.7,68.7,19,0,2,15.7,5.6,48.05,0
22.7,47.2,20,6,3,13.1,7.2,43.89,0
31.0,51.4,23,2,4,12.1,32.0,52.34,1
15.8,36.6,14,5,2,9.1,20.4,35.62,0
16.0,46.1,21,2,2,13.6,47.9,57.27,1
37.2,35.9,3,5,2,6.1,45.6,47.09,0
24.7,25.1,12,4,4,11.6,37.1,48.95,0
18.4,62.2,22,0,8,15.9,41.8,68.24,1
29.1,66.8,7,5,1,5.7,35.0,45.75,0
35.8,63.4,17,4,8,11.1,10.7,50.71,0
20.8,52.4,11,3,8,13.7,39.4,58.64,1
31.8,46.6,22,4,8,14.7,14.5,55.88,1
17.3,80.4,13,1,6,11.8,19.6,42.96,0
16.4,56.3,1,5,7,5.3,41.9,45.48,0
29.3,53.5,17,4,5,5.9,29.1,47.44,0
29.6,21.8,23,2,7,1.3,43.7,37.28,0
32.2,43.9,1,3,3,12.4,14.6,38.95,0
34.6,46.6,10,6,8,1.6,32.4,39.45,0
41.3,47.9,8,5,1,14.0,8.8,46.64,0
28.9,60.6,11,1,3,2.8,33.9,37.75,0
23.7,57.4,16,6,7,3.6,39.3,40.44,0
36.5,62.6,14,4,5,8.1,31.3,41.23,0
22.3,73.5,16,6,4,12.1,17.0,42.82,0
26.9,76.9,17,6,7,3.1,6.4,33.42,0
17.1,70.3,21,3,2,7.6,10.4,29.73,0
15.7,86.9,5,6,7,8.2,33.0,44.22,0
41.0,21.3,16,6,2,4.2,47.0,49.25,0
37.6,33.7,22,5,4,2.7,14.3,35.9,0
33.8,20.5,23,3,7,13.5,38.1,58.76,1
26.0,65.3,17,1,1,8.5,44.0,50.28,0
19.7,82.9,7,4,1,1.2,28.4,24.75,0
19.2,37.0,8,3,3,13.0,35.1,46.96,0
21.8,84.9,5,3,4,15.7,41.7,60.61,1
29.8,24.2,4,0,8,10.1,16.7,38.79,0
34.3,85.4,11,3,1,8.6,18.4,43.34,0
32.8,44.6,10,0,7,14.2,5.0,46.42,0
22.6,27.1,0,4,4,15.3,48.3,57.74,1
40.8,54.0,10,6,5,12.3,46.3,66.03,1
34.9,38.0,18,5,2,7.7,39.4,55.52,1
30.0,39.9,8,5,7,9.9,8.6,39.68,0
31.5,41.5,1,4,2,11.5,25.1,44.05,0
26.3,76.2,11,4,2,3.9,9.6,29.11,0
21.7,57.7,3,2,8,7.7,5.7,37.86,0
24.6,41.8,3,6,4,13.4,32.7,52.53,1
35.5,62.7,17,4,4,10.8,48.2,59.73,1
15.4,70.1,14,3,3,7.2,45.6,42.46,0
18.1,39.1,18,5,2,11.0,36.4,53.15,1
16.2,48.9,12,1,3,2.8,9.3,16.9,0
16.1,28.5,18,5,8,7.0,17.3,39.22,0
38.1,32.7,16,0,2,12.9,19.4,46.87,0
34.0,67.7,5,5,3,4.3,39.3,42.24,0
27.8,32.7,15,2,3,3.8,41.1,41.38,0
17.6,56.8,23,6,5,15.3,22.3,51.75,1
28.3,69.6,11,4,3,4.1,23.8,38.38,0
27.8,27.5,18,6,4,4.9,7.0,34.15,0
19.7,59.7,4,4,3,15.5,18.0,43.08,0
26.7,38.0,16,5,2,12.0,25.3,46.96,0
25.8,87.4,22,1,3,11.5,10.3,46.11,0
31.6,53.8,0,1,1,13.8,25.4,50.76,0
32.1,76.4,23,2,6,2.7,43.4,42.36,0
16.2,58.5,22,0,2,11.6,31.2,45.25,0
25.1,23.0,9,5,1,8.6,8.6,27.62,0
31.9,64.3,14,4,8,13.4,13.6,53.15,1
28.6,86.6,22,5,2,8.6,26.4,49.84,0
38.1,62.1,20,2,4,10.3,21.3,48.55,0
32.8,77.3,20,3,6,8.2,21.1,48.18,0
19.4,81.9,10,3,6,8.2,28.8,42.06,0
16.9,36.0,12,2,4,12.5,31.3,42.97,0
32.3,34.8,4,4,6,10.4,40.9,53.58,1
15.7,62.8,0,6,4,10.5,20.3,40.65,0
30.8,48.8,23,2,1,7.8,41.2,49.97,0
40.4,78.8,11,4,8,9.0,20.2,47.13,0
30.5,83.0,10,1,5,12.2,7.5,37.95,0
25.5,44.7,16,2,2,13.4,29.9,45.23,0
32.4,36.6,3,4,4,11.4,31.5,46.95,0
27.4,74.6,14,2,2,14.9,47.1,59.09,1
29.7,39.2,8,2,8,13.3,37.7,55.18,1
40.4,77.6,20,6,1,9.4,46.3,63.35,1
25.4,49.7,19,6,5,11.1,45.9,58.0,1
41.0,66.7,18,4,8,14.9,32.2,67.77,1
39.4,26.7,18,4,1,10.3,28.7,54.92,1
20.3,63.7,11,0,6,13.4,30.1,52.06,1
16.9,51.6,4,2,2,11.3,49.0,51.55,1
17.7,61.1,9,3,7,9.3,39.8,52.98,1
15.5,31.8,16,2,5,4.6,9.8,26.4,0
17.5,71.6,4,2,6,7.4,40.0,46.36,0
33.4,80.4,21,4,8,15.5,12.7,57.15,1
16.9,35.2,15,2,5,10.9,25.1,40.85,0
23.6,26.7,6,5,6,9.5,14.5,38.54,0
37.8,21.7,8,2,1,15.0,36.0,54.41,1
15.6,64.9,2,5,4,9.8,44.5,50.54,0
37.0,62.5,14,6,2,8.9,18.1,43.14,0
22.6,58.3,15,3,3,12.4,8.7,34.17,0
18.2,36.2,17,4,3,11.7,18.4,46.46,0
33.8,47.4,13,2,1,3.9,35.3,38.25,0
32.0,61.6,2,5,8,8.1,19.8,44.69,0
38.7,54.8,11,5,2,8.1,17.5,41.47,0
34.8,89.1,8,6,8,6.7,13.3,44.87,0
36.7,29.6,6,5,2,8.8,27.4,40.87,0
22.6,68.7,8,1,1,7.2,17.4,31.33,0
19.8,48.3,12,0,2,4.0,37.9,31.64,0
35.3,50.0,17,3,4,7.2,8.4,44.9,0
36.8,70.2,4,6,8,2.1,34.9,45.0,0
41.7,68.5,12,6,1,9.6,15.7,40.4,0
26.1,89.4,3,2,4,13.8,27.0,60.43,1
25.0,29.0,1,1,2,11.9,17.9,37.75,0
36.0,27.3,15,2,1,6.4,37.5,41.46,0
24.2,70.7,8,2,2,2.3,47.5,38.52,0
40.1,60.5,8,4,8,4.0,46.3,49.38,0
38.2,39.2,5,4,1,9.2,31.3,45.65,0
26.6,25.6,10,4,2,4.1,25.8,25.03,0
35.3,26.0,21,1,8,9.2,41.8,61.6,1
35.4,82.6,23,2,4,4.5,35.7,40.57,0
17.8,33.4,21,0,7,13.7,13.3,45.57,0
39.4,42.6,0,3,4,7.0,41.9,51.45,1
28.6,35.9,3,4,2,4.7,24.3,31.55,0
37.3,44.8,12,4,1,13.2,13.5,42.98,0
23.6,24.9,22,6,3,6.1,17.7,33.9,0
39.2,56.3,12,2,4,2.7,17.0,37.34,0
25.5,24.7,12,2,4,9.6,28.4,43.23,0
15.3,76.0,1,1,8,9.7,15.5,36.14,0
39.4,36.4,8,1,6,11.7,10.6,44.95,0
17.5,57.8,23,4,3,4.6,10.6,20.96,0
23.6,81.6,7,2,2,7.7,31.2,44.81,0
40.7,65.6,6,0,7,5.2,38.1,49.79,0
40.7,57.3,3,3,1,2.2,19.5,27.87,0
30.5,42.7,17,2,6,14.1,6.6,49.98,0
32.1,43.3,2,6,2,11.9,10.7,40.36,0
27.1,66.9,5,2,5,5.5,46.2,43.7,0
22.9,89.6,11,5,7,10.0,27.2,49.99,0
23.9,66.3,11,1,4,4.0,25.4,33.99,0
33.2,59.0,20,6,5,14.4,6.7,54.47,1
35.3,71.1,7,3,4,2.7,37.8,41.0,0
36.4,52.6,21,4,4,1.1,28.8,38.46,0
36.3,24.2,21,6,5,8.5,14.1,45.26,0
17.5,59.4,0,2,7,9.7,10.0,39.4,0
28.3,87.0,3,4,8,9.7,22.3,46.23,0
16.6,32.3,20,2,5,1.8,42.7,39.69,0
29.8,68.3,10,4,2,5.7,43.9,46.06,0
26.9,34.1,2,3,6,8.5,32.1,45.44,0
39.0,57.5,12,1,6,4.2,37.7,44.74,0
24.5,26.8,16,3,5,14.1,10.2,41.87,0
18.2,51.5,21,5,2,2.3,31.5,34.87,0
18.9,72.9,21,0,8,8.3,35.0,55.89,1
35.6,44.3,9,1,6,11.4,14.0,43.47,0
31.7,66.5,20,3,2,4.9,44.6,46.35,0
17.7,75.7,11,5,8,10.4,13.8,42.01,0
17.3,84.9,14,0,2,13.4,19.1,41.94,0
33.9,36.4,20,5,4,3.9,32.9,45.32,0
17.0,48.0,9,2,6,14.8,33.7,51.45,1
37.2,30.7,13,2,8,9.3,36.5,53.34,1
34.1,89.5,12,4,6,5.5,10.0,35.43,0
17.2,84.9,4,1,4,7.5,43.2,47.57,0
17.3,57.8,5,2,5,5.7,29.0,35.85,0
41.6,78.9,23,6,4,11.9,26.2,55.19,1
25.1,56.5,1,5,6,12.9,49.1,63.04,1
25.0,63.7,21,1,6,13.5,38.3,62.84,1
36.9,26.2,16,6,7,15.8,10.3,49.98,0
40.6,72.9,3,2,8,12.9,39.0,60.11,1
41.6,28.9,13,4,5,10.0,9.3,44.93,0
35.3,77.8,9,3,4,6.1,6.2,34.16,0
25.2,74.7,2,4,8,9.2,23.2,44.37,0
17.3,69.6,2,6,1,1.6,49.7,37.41,0
36.0,22.5,14,0,8,12.2,12.9,45.27,0
30.1,41.2,5,2,1,7.7,35.3,42.23,0
26.5,38.4,16,6,5,1.3,12.8,23.11,0
39.5,45.2,11,0,4,1.9,37.6,41.75,0
18.0,26.1,21,0,4,6.8,27.7,39.49,0
28.3,85.6,19,5,2,9.8,35.6,54.71,1
15.3,58.8,23,1,6,8.0,14.1,30.61,0
27.7,41.4,10,5,3,10.3,38.6,51.63,1
16.5,47.8,3,2,7,8.2,49.8,47.82,0
18.2,51.3,5,0,8,10.9,35.0,47.59,0
18.2,62.0,0,6,5,4.3,27.2,35.31,0
32.5,56.1,19,3,3,2.7,46.5,52.89,1
35.1,84.4,22,0,8,9.9,5.7,47.04,0
30.8,54.8,15,6,3,8.3,37.8,42.09,0
41.0,89.5,14,3,5,1.4,45.0,44.21,0
25.1,79.6,16,5,4,6.7,7.8,34.3,0
22.7,34.6,7,5,5,2.6,25.3,28.9,0
38.5,85.1,11,1,8,9.0,14.2,47.8,0
21.0,28.1,21,6,3,6.9,30.5,43.12,0
41.0,77.2,20,0,6,10.2,34.2,62.3,1
15.3,46.6,9,4,7,13.1,18.6,41.92,0
41.2,81.5,14,5,7,5.5,25.7,45.57,0
16.2,80.8,8,5,6,15.4,17.6,51.08,1
39.1,76.4,1,1,6,9.0,21.6,47.01,0
29.2,75.3,4,3,4,10.3,12.2,39.38,0
41.8,41.3,5,1,8,11.2,44.9,65.94,1
17.0,25.7,6,0,1,11.0,5.5,29.72,0
30.0,48.2,20,6,5,8.7,44.7,52.97,1
41.2,32.1,0,2,7,7.4,30.7,49.98,0
29.1,68.6,22,2,6,1.8,19.9,37.1,0
32.0,44.2,6,6,5,1.3,37.5,41.83,0
33.8,88.3,19,3,7,6.4,27.8,47.45,0
27.3,64.9,11,5,6,6.0,27.5,42.99,0
31.9,77.6,15,3,8,6.8,10.0,37.9,0
30.8,29.3,15,5,7,3.1,22.5,33.24,0
39.3,80.3,10,5,4,12.1,15.8,52.21,1
16.2,84.6,20,2,1,13.9,5.7,39.5,0
22.6,54.1,3,3,1,15.1,21.2,48.1,0
40.7,62.4,12,1,6,8.4,9.0,38.4,0
39.0,73.5,6,5,7,11.5,16.6,47.84,0
27.3,32.2,3,4,4,13.8,9.2,40.38,0
31.7,55.2,14,4,2,7.3,9.5,32.19,0
22.5,47.9,18,1,5,5.6,14.0,33.19,0
20.1,30.2,8,4,5,15.1,50.0,52.04,1
27.5,45.7,10,0,3,8.7,5.1,31.78,0
24.5,24.8,7,5,4,8.5,33.7,45.13,0
30.8,21.8,0,1,7,3.7,11.4,30.94,0
17.1,29.5,22,3,8,2.6,46.4,43.25,0
41.3,87.4,23,5,8,13.6,9.2,52.84,1
41.6,58.5,7,1,3,10.2,48.0,61.71,1
33.9,87.6,12,2,6,5.9,32.5,41.77,0
29.5,50.3,21,3,7,3.9,5.1,31.56,0
23.4,41.8,3,2,3,9.3,45.2,48.56,0
37.0,55.4,7,5,1,9.8,28.5,48.64,0
33.5,50.8,2,3,5,4.1,16.8,33.31,0
19.4,27.4,8,4,7,13.8,39.5,52.01,1
39.6,64.9,1,1,3,2.3,46.7,47.42,0
37.2,35.1,1,5,1,6.3,26.8,39.82,0
40.6,63.4,12,0,4,11.2,19.2,43.37,0
34.6,65.5,14,3,3,5.1,40.5,44.99,0
31.6,30.6,22,3,6,13.4,35.7,61.18,1
26.3,24.3,11,6,6,12.1,45.0,62.33,1
40.2,74.7,3,5,6,12.8,36.2,63.0,1
38.4,52.2,7,5,7,2.8,16.0,32.32,0
16.2,24.1,8,2,8,3.1,46.9,36.52,0
15.7,89.6,22,6,8,5.3,9.7,39.67,0
25.2,24.0,4,4,5,8.8,17.1,34.29,0
36.9,68.7,23,2,3,12.2,28.4,47.48,0
41.7,88.9,19,6,4,13.5,30.5,66.97,1
19.1,36.7,17,2,3,11.6,5.7,35.66,0
31.0,30.0,10,4,5,14.9,40.1,61.1,1
25.3,28.5,14,6,1,12.1,21.3,39.84,0
41.2,41.2,21,6,5,5.6,23.3,50.61,0
37.7,27.1,8,0,6,5.0,41.4,48.76,0
37.6,68.5,16,2,7,11.4,22.1,49.26,0
27.7,24.4,11,2,1,3.9,7.1,17.1,0
26.2,55.7,6,3,7,2.4,12.9,33.66,0
22.4,89.8,9,4,6,9.0,48.0,53.2,1
16.5,77.0,9,1,2,13.3,8.2,34.49,0
38.3,63.1,12,0,5,2.5,21.0,37.98,0
36.9,41.4,18,6,5,12.9,27.6,61.41,1
42.0,63.7,10,6,4,13.2,27.2,59.8,1
41.9,56.9,12,6,3,8.2,5.2,37.42,0
30.0,49.8,20,0,1,1.9,27.6,38.55,0
35.8,29.1,7,6,8,3.6,22.3,35.7,0
40.5,82.1,7,6,7,11.6,48.7,65.67,1
37.9,51.5,3,4,1,11.7,12.2,41.92,0
21.7,33.6,14,5,4,14.5,20.9,50.4,0
27.2,45.7,10,5,4,9.7,23.9,45.33,0
18.5,49.0,10,3,7,2.9,22.6,29.83,0
40.8,77.9,0,3,8,2.8,35.0,44.42,0
31.4,71.4,16,6,3,11.8,14.7,47.69,0
21.2,73.9,14,4,7,3.8,14.9,32.11,0
33.1,20.8,19,6,7,5.9,37.8,49.69,0
31.7,49.1,5,3,6,8.3,27.5,42.34,0
24.7,53.7,23,0,8,1.4,23.7,30.07,0
18.1,21.3,21,0,3,4.7,12.6,26.11,0
33.1,38.2,14,1,5,7.1,13.4,37.96,0
29.0,73.2,8,5,6,5.2,5.5,33.09,0
35.9,29.6,13,4,2,3.0,9.1,26.13,0
29.0,57.5,17,2,8,11.9,30.1,57.79,1
38.0,35.1,16,5,3,13.2,45.1,61.77,1
29.9,20.8,17,2,4,4.9,17.9,31.55,0
30.1,36.9,4,1,6,12.6,19.7,48.79,0
38.7,88.3,19,1,3,6.8,10.2,39.22,0
25.9,76.1,19,6,1,8.6,22.5,44.07,0
18.6,87.2,8,3,7,13.8,6.7,41.08,0
15.8,54.1,10,1,2,12.2,46.3,50.75,0
35.4,27.7,23,1,5,13.1,35.3,56.55,1
31.7,58.4,21,2,7,3.1,49.6,49.57,0
34.0,51.8,0,3,1,2.0,44.7,39.34,0
20.8,79.1,17,1,1,14.4,26.3,50.39,0
18.7,26.9,5,5,2,6.8,28.4,38.65,0
15.4,54.2,1,1,5,5.3,13.6,24.41,0
24.5,30.5,14,3,4,11.9,25.8,41.84,0
30.9,42.7,20,6,6,13.5,45.6,66.07,1
25.6,71.6,13,4,8,13.9,7.3,42.95,0
26.8,53.3,4,3,5,5.7,43.9,44.86,0
39.4,46.3,5,2,8,13.8,20.3,53.2,1
24.4,47.6,5,4,3,1.6,45.5,36.88,0
28.9,52.2,21,5,1,1.7,47.3,46.65,0
36.2,75.0,17,0,3,10.4,35.2,56.28,1
25.7,82.4,13,3,4,1.9,34.9,35.87,0
31.8,86.9,9,6,3,5.9,25.4,38.4,0
38.3,75.1,13,2,5,11.1,42.6,58.25,1
40.6,42.1,12,5,3,6.1,48.3,51.46,1
19.0,68.2,2,4,4,3.7,39.9,39.24,0
40.0,50.6,5,5,4,5.2,33.0,43.39,0
28.3,37.8,7,3,4,7.9,32.3,40.42,0
22.0,78.9,11,1,5,8.1,43.2,49.34,0
27.4,22.7,12,6,4,12.7,29.4,54.83,1
41.5,83.1,10,3,1,12.3,41.2,57.36,1
28.3,52.3,11,0,7,7.9,27.9,44.44,0
23.9,64.6,0,3,4,13.7,7.8,43.0,0
32.1,66.2,16,4,3,2.7,22.3,32.87,0
21.5,82.7,15,4,6,4.8,25.0,37.28,0
17.0,64.6,10,3,3,13.4,11.4,38.21,0
18.5,63.0,12,4,6,6.7,9.6,29.88,0
18.5,24.7,17,1,3,15.7,29.1,51.24,1
19.1,56.3,10,5,5,8.0,8.8,33.98,0
18.7,30.5,11,3,3,12.9,18.6,40.94,0
32.3,71.6,5,6,5,7.0,38.5,51.7,1
19.9,55.9,8,1,5,7.4,48.4,46.66,0
24.3,67.6,15,5,4,6.7,37.3,47.07,0
39.2,22.9,3,6,1,11.8,49.7,61.84,1
27.8,25.9,2,6,6,9.2,36.4,46.49,0
33.0,70.1,15,6,4,15.2,18.2,52.42,1
19.7,25.0,23,5,4,4.8,35.2,40.2,0
20.2,25.0,11,1,7,2.5,36.6,33.47,0
16.1,20.8,10,6,5,6.9,21.7,35.3,0
19.6,87.0,4,6,5,10.3,5.8,36.82,0
22.5,71.6,17,2,6,13.9,36.6,60.89,1
19.8,44.7,18,3,3,6.2,6.0,29.08,0
17.4,40.8,22,5,3,10.8,33.4,51.51,1
18.3,44.5,22,5,8,6.3,12.4,35.44,0
27.4,74.2,5,4,4,10.3,30.5,44.82,0
20.6,66.3,21,5,8,14.3,27.7,63.23,1
24.8,33.0,17,1,2,4.5,5.6,31.6,0
28.6,32.2,5,5,2,7.1,21.3,36.35,0
33.6,26.9,3,2,8,15.9,32.0,64.43,1
16.1,66.2,11,3,3,14.0,43.2,51.56,1
36.6,73.5,18,3,2,9.5,45.0,56.91,1
32.0,38.6,1,5,7,8.7,26.8,51.05,1
17.2,21.5,16,6,3,5.3,37.8,39.3,0
38.6,25.8,10,0,5,8.8,19.2,46.04,0
39.9,87.8,10,0,4,13.7,20.4,54.23,1
16.6,40.7,20,6,1,11.3,13.8,37.0,0
22.5,73.8,15,6,4,5.4,30.3,40.0,0
36.8,63.7,1,6,8,4.0,19.2,43.31,0
35.2,46.7,1,1,3,5.0,8.8,28.98,0
20.0,34.4,22,0,8,3.5,35.8,41.41,0
20.7,28.5,7,6,7,2.4,36.8,38.58,0
25.0,63.1,12,1,3,7.3,21.2,34.43,0
28.1,74.2,9,4,4,2.7,8.5,26.03,0
31.7,65.1,7,1,7,3.6,24.2,37.46,0
25.0,57.1,3,0,7,9.2,24.9,42.6,0
27.5,22.9,14,5,7,3.5,35.1,42.92,0
35.2,87.8,0,4,6,2.0,19.2,35.56,0
16.0,75.9,10,0,3,5.8,35.7,36.56,0
21.8,40.5,6,1,2,4.3,44.2,38.19,0
34.3,88.6,16,2,2,8.7,15.7,38.54,0
39.2,62.1,19,3,3,2.5,49.1,48.52,0
28.8,60.8,23,0,3,12.3,22.4,41.33,0
29.4,72.4,17,6,6,14.6,17.0,55.61,1
17.9,76.8,21,1,2,12.2,24.0,45.16,0
27.1,66.0,21,6,3,9.0,9.2,40.81,0
29.4,29.0,11,6,3,13.9,10.7,44.6,0
21.5,43.7,8,6,8,11.4,23.6,45.76,0
22.3,85.0,4,6,6,1.2,39.3,39.99,0
25.2,35.7,9,6,6,6.9,45.5,47.13,0
15.5,46.1,3,4,4,13.8,34.9,48.8,0
23.7,50.2,4,0,6,6.2,9.7,28.98,0
20.7,50.8,9,0,1,1.5,35.2,30.79,0
23.8,62.9,10,3,2,12.2,33.6,48.21,0
18.2,86.0,20,1,4,13.0,41.3,57.88,1
39.0,36.8,23,2,1,3.4,42.1,39.21,0
31.0,28.5,9,4,3,9.1,44.1,48.56,0
33.3,33.8,7,1,8,3.9,23.6,41.98,0
36.3,82.1,1,4,8,11.8,36.4,58.02,1
28.5,65.2,22,0,3,5.1,17.1,37.49,0
17.3,40.0,7,6,4,5.7,50.0,44.99,0
29.5,77.1,15,3,6,13.7,12.9,48.43,0
30.8,80.3,21,3,7,8.1,5.5,43.12,0
35.1,79.3,4,5,8,11.0,11.7,47.43,0
26.7,84.3,2,2,7,7.0,39.9,50.79,0
18.4,37.7,11,3,3,5.5,25.1,38.01,0
22.7,72.9,12,6,7,10.4,25.1,49.24,0
24.8,52.2,12,0,5,3.3,48.0,46.7,0
32.4,78.9,9,2,4,6.6,46.4,51.53,1
30.4,71.0,3,1,1,4.1,19.0,27.87,0
24.6,74.4,8,6,4,11.4,14.4,43.34,0
41.6,65.9,21,6,2,15.2,43.2,69.09,1
31.4,32.4,23,3,6,15.9,45.8,62.57,1
21.4,58.2,22,2,6,7.8,29.4,45.83,0
17.7,88.9,1,0,4,4.8,33.3,36.52,0
19.1,85.6,18,5,3,7.6,16.6,37.15,0
21.6,23.0,0,4,3,13.7,41.0,58.55,1
19.3,31.5,6,4,5,4.1,33.4,36.44,0
20.0,29.2,16,0,5,15.3,27.7,50.52,0
22.7,70.8,2,0,6,6.1,7.7,30.33,0
19.7,77.2,19,4,5,15.8,46.2,68.83,1
39.2,34.9,19,5,8,13.6,32.7,70.83,1
17.2,55.4,20,2,8,13.1,13.7,49.33,0
29.2,78.8,2,4,1,5.8,32.3,39.18,0
26.1,71.3,2,0,5,1.1,35.5,38.62,0
41.5,58.0,16,3,1,6.7,28.7,42.32,0
18.0,61.3,6,1,5,5.5,37.3,40.54,0
25.7,55.6,13,5,6,1.6,31.2,38.28,0
41.2,40.8,16,6,6,8.6,47.6,58.07,1
38.4,59.6,17,5,1,7.0,7.4,33.16,0
37.1,68.2,12,3,4,10.5,9.8,40.12,0
22.0,81.1,19,3,6,10.3,12.8,45.83,0
19.6,64.5,19,6,4,2.8,36.1,42.67,0
33.1,73.3,20,0,3,15.7,34.1,66.27,1
40.1,31.2,17,4,8,3.8,45.1,52.68,1
30.0,52.3,3,2,1,7.7,38.0,47.39,0
30.4,20.7,0,5,7,8.3,27.9,46.27,0
22.6,37.3,17,6,6,13.2,49.6,66.63,1
35.8,70.9,0,5,2,2.5,17.0,33.78,0
20.1,89.4,12,3,3,7.4,42.5,41.72,0
23.7,26.9,19,4,4,10.4,24.2,42.76,0
26.5,48.1,19,5,6,4.2,34.2,43.09,0
28.7,76.0,22,2,1,10.4,37.7,55.53,1
21.5,34.3,9,3,7,14.9,33.5,53.69,1
18.1,58.9,10,2,5,16.0,11.3,49.53,0
31.5,71.3,8,4,7,1.5,24.9,34.5,0
22.8,63.1,8,5,2,4.5,30.3,32.09,0
30.7,33.2,4,1,4,5.7,43.2,42.88,0
19.2,44.9,0,5,3,7.0,25.0,36.41,0
28.0,74.9,16,4,7,4.6,46.3,49.33,0
29.4,58.8,21,5,1,4.1,24.8,35.89,0
16.4,20.4,1,6,2,15.3,29.7,49.83,0
24.1,73.3,23,5,1,14.8,40.8,59.13,1
18.6,22.5,12,0,6,1.7,31.2,28.19,0
16.7,72.2,8,5,5,6.1,48.2,52.33,1
41.7,34.2,3,5,3,7.1,34.7,46.65,0
23.7,87.1,4,2,1,4.6,28.5,31.24,0
36.9,45.8,10,1,4,10.4,6.1,34.37,0
21.9,42.9,23,2,6,10.6,23.6,45.84,0
33.4,30.4,18,2,6,13.8,18.5,53.57,1
35.5,41.4,20,3,3,12.1,38.7,57.27,1
31.1,81.4,2,0,6,9.1,14.4,37.71,0
27.7,89.7,11,2,4,10.8,14.2,40.48,0
26.1,45.8,18,6,1,5.1,13.5,39.01,0
24.4,51.4,18,4,3,9.9,10.7,33.6,0
40.1,70.5,12,6,8,8.3,19.0,47.01,0
37.4,82.0,6,4,6,3.0,44.9,52.08,1
41.1,61.5,14,5,6,4.6,39.9,53.3,1
18.4,47.4,22,3,4,5.4,38.1,41.27,0
34.7,48.9,6,0,5,14.9,40.9,61.84,1
40.3,68.7,7,6,5,4.5,17.1,40.09,0
19.9,20.2,4,0,7,5.3,44.9,43.29,0
16.8,63.4,20,6,6,6.5,11.2,40.85,0
35.0,44.9,13,5,8,11.0,20.1,51.19,1
30.5,75.6,3,4,1,2.8,31.4,36.8,0
37.7,26.5,22,1,3,15.3,9.6,50.97,0
18.8,61.2,9,3,6,14.0,37.9,49.41,0
36.5,53.7,19,6,2,9.7,22.4,46.38,0
20.4,65.0,14,6,3,11.1,40.3,48.52,0
19.4,24.5,17,5,7,1.2,27.2,34.35,0
19.4,60.6,19,3,5,6.1,13.1,39.67,0
37.0,59.3,12,4,8,12.9,38.1,61.81,1
33.0,59.2,7,4,6,2.2,16.3,30.5,0
29.1,62.2,8,6,4,5.2,27.1,42.51,0
24.7,67.4,15,1,2,9.8,8.4,29.65,0
38.7,76.3,18,1,6,4.8,32.8,48.48,0
25.6,38.9,15,0,8,15.0,35.0,56.26,1
37.0,77.8,6,3,7,3.0,22.0,38.84,0
26.9,54.9,13,3,1,13.0,47.9,57.65,1
25.2,25.4,13,4,2,8.6,44.3,46.76,0
27.5,24.1,3,0,7,12.3,36.9,54.63,1
23.1,43.4,14,5,6,5.7,37.1,42.57,0
35.2,74.9,2,3,1,8.7,16.4,39.07,0
28.6,69.5,4,0,2,13.9,34.6,51.0,1
21.3,75.2,0,0,1,8.0,13.9,32.86,0
39.3,56.2,2,6,1,6.4,11.5,33.63,0
25.4,50.8,14,4,2,9.0,50.0,47.33,0
29.7,30.3,23,0,2,11.8,33.0,47.53,0
39.5,43.0,7,1,1,7.7,24.4,35.39,0
31.9,50.4,3,1,7,15.1,18.0,55.93,1
18.2,26.2,1,2,8,5.4,32.2,40.0,0
40.4,35.4,23,4,5,8.1,7.2,37.45,0
31.9,61.9,23,6,2,12.4,9.3,38.03,0
24.0,71.5,9,5,6,11.3,6.5,38.63,0
18.8,89.9,3,2,3,14.0,27.5,48.65,0
36.4,85.3,2,1,4,16.0,32.0,59.95,1
31.7,65.0,1,6,1,7.4,7.8,28.37,0
29.4,49.5,16,2,1,2.7,37.5,31.57,0
39.1,64.5,22,4,4,1.5,15.4,33.63,0
36.3,75.0,20,6,5,11.9,35.8,59.4,1
19.1,28.3,23,4,4,14.1,49.2,59.83,1
23.4,48.7,19,0,2,4.3,36.1,41.29,0
21.7,78.8,22,3,4,3.4,44.7,43.18,0
35.1,46.9,12,0,1,1.9,47.7,42.96,0
15.9,60.0,4,4,4,13.3,26.9,47.97,0
30.4,61.1,20,6,3,5.7,36.6,49.21,0
35.6,32.9,8,1,6,7.0,43.3,50.09,0
38.7,45.4,21,5,2,8.5,21.0,46.42,0
24.2,43.4,5,1,4,13.6,16.8,42.21,0
37.2,21.8,4,6,1,10.8,47.6,52.37,1
18.0,21.7,9,0,7,10.2,37.7,50.79,0
37.9,78.2,7,5,6,3.6,14.9,35.74,0
18.4,39.1,6,6,2,8.7,25.2,37.53,0
25.7,56.3,6,4,1,11.7,40.8,47.51,0
36.5,40.9,5,1,5,15.6,29.6,56.95,1
19.0,85.8,20,4,3,4.0,34.2,47.06,0
21.2,38.2,19,5,8,1.1,38.9,40.48,0
34.5,50.1,2,5,5,2.1,33.0,42.91,0
34.4,81.1,18,1,8,6.6,29.3,51.47,1
32.3,78.9,21,4,3,13.3,38.7,62.84,1
33.7,33.0,14,2,4,1.1,37.7,38.88,0
29.7,76.2,3,4,2,7.9,33.3,44.31,0
21.8,52.1,11,5,4,5.9,21.2,33.94,0
24.3,53.8,5,4,3,1.8,23.3,26.79,0
19.9,29.3,18,6,3,7.8,48.7,51.64,1
39.5,25.6,3,0,3,4.8,10.1,34.69,0
30.8,71.0,14,2,8,6.3,17.1,35.59,0
25.8,54.8,8,3,6,11.6,27.2,43.54,0
27.5,50.6,4,6,1,8.8,42.7,44.09,0
40.6,71.1,12,0,2,2.9,12.4,27.55,0
19.1,73.6,22,3,4,15.4,17.5,52.73,1
30.8,31.1,17,1,4,10.5,8.0,42.74,0
28.7,62.7,4,3,5,12.5,36.8,52.72,1
31.5,29.5,15,6,8,2.2,15.7,32.21,0
15.5,72.6,18,4,3,1.7,22.5,26.31,0
38.5,66.0,13,6,7,1.3,25.0,35.85,0
40.2,87.0,15,3,3,3.8,45.1,48.94,0
30.3,24.8,14,5,3,7.2,23.5,41.26,0
33.8,24.0,21,0,7,15.0,11.5,51.81,1
39.9,39.8,3,0,4,7.9,28.6,49.15,0
34.1,38.3,6,3,5,5.4,48.3,51.14,1
19.1,37.3,15,0,1,9.4,32.3,43.0,0
30.6,83.4,23,5,7,2.7,49.3,48.93,0
31.4,37.5,21,6,8,10.1,42.8,65.79,1
26.5,39.0,20,0,6,9.5,6.6,44.74,0
34.9,73.2,21,3,2,12.9,34.6,57.35,1
40.2,51.5,20,2,8,15.8,17.9,61.29,1
40.0,74.4,7,2,7,4.8,30.2,42.92,0
27.2,24.6,16,1,1,8.6,17.6,30.47,0
18.1,54.1,15,0,4,14.6,20.7,42.48,0
41.6,22.4,22,6,6,12.8,46.5,66.96,1
37.7,24.4,9,3,6,8.3,14.3,40.22,0
18.4,83.5,9,0,6,15.2,44.3,58.35,1
39.9,29.7,1,4,3,1.9,6.4,24.68,0
38.5,57.3,8,5,2,15.0,9.1,48.9,0
29.0,48.8,16,0,4,1.8,43.5,37.47,0
31.0,44.3,10,0,4,9.2,33.4,46.26,0
25.8,83.0,9,2,6,14.4,38.6,57.67,1
16.5,21.5,21,5,4,4.9,14.4,30.49,0
24.1,66.5,16,3,2,8.1,29.2,37.64,0
36.7,87.4,3,0,2,5.9,38.2,45.86,0
15.1,59.2,15,2,5,15.3,33.2,50.66,0
24.0,85.6,19,1,7,13.4,26.2,53.79,1
25.8,23.7,14,5,7,11.6,48.2,60.25,1
29.5,49.3,20,2,5,9.8,35.4,54.97,1
39.8,38.2,4,2,1,13.3,45.8,61.41,1
24.4,71.2,5,6,7,6.9,37.8,45.89,0
24.4,88.7,16,2,2,7.7,38.1,43.04,0
34.9,38.0,0,6,2,12.0,8.6,41.56,0
27.2,65.8,18,0,7,6.4,21.2,42.13,0
21.1,33.9,3,0,2,2.0,43.6,35.13,0
27.2,59.6,16,1,5,2.1,15.5,28.58,0
18.8,52.5,8,4,6,2.7,10.2,24.71,0
19.8,88.0,23,4,6,14.0,19.7,51.64,1
28.5,62.6,1,4,4,8.1,14.9,37.98,0
26.3,44.5,7,6,8,11.7,46.6,60.7,1
39.7,28.0,14,5,8,6.9,44.1,54.9,1
24.8,30.6,6,5,6,4.9,27.5,37.52,0
30.7,35.8,5,1,3,6.2,7.8,26.0,0
32.1,37.6,0,5,5,12.9,37.2,52.58,1
15.4,79.5,14,4,2,10.4,33.1,43.86,0
32.9,59.3,22,4,7,15.1,48.7,74.41,1
19.8,56.6,6,2,6,11.2,30.2,45.84,0
40.9,28.0,16,5,5,9.6,20.1,50.59,0
19.0,80.2,1,0,6,10.2,28.4,44.72,0
26.2,70.6,8,0,1,15.1,49.1,54.97,1
17.3,24.7,8,2,2,12.8,36.3,48.2,0
41.9,69.5,12,2,1,1.4,35.2,35.92,0
28.6,58.0,5,2,2,9.0,15.8,38.74,0
31.1,25.7,5,0,5,11.3,38.5,48.88,0
16.8,52.1,19,4,4,12.2,38.8,54.6,1
35.2,53.9,19,2,6,4.2,19.3,38.32,0
20.7,31.6,20,1,6,14.0,26.8,53.69,1
39.2,86.2,2,6,3,15.3,18.3,57.36,1
20.5,79.5,16,2,7,4.6,16.6,33.62,0
20.1,66.8,16,6,1,14.2,6.2,38.96,0
16.0,52.4,11,3,6,2.5,17.8,22.18,0
27.7,48.8,15,2,5,1.8,29.9,34.8,0
30.3,65.6,14,0,4,2.9,5.1,27.0,0
16.8,58.2,12,5,7,1.9,17.7,25.49,0
35.9,24.4,22,2,5,13.7,44.7,62.58,1
27.2,55.9,0,5,1,1.9,31.7,35.2,0
29.2,76.4,16,3,3,5.1,32.4,38.96,0
26.9,52.1,2,1,6,2.6,23.2,29.84,0
25.8,23.6,14,5,5,5.4,35.4,41.96,0
30.1,75.0,3,6,7,2.4,13.5,30.9,0
19.2,34.1,3,4,2,11.0,41.8,47.04,0
19.9,38.1,17,2,4,3.0,10.3,25.37,0
38.3,31.5,16,3,7,13.8,34.5,58.07,1
40.5,43.1,18,3,5,13.3,20.4,58.57,1
25.1,73.0,10,5,4,1.2,38.6,31.15,0
22.3,56.4,19,1,6,14.4,29.7,58.32,1
32.4,34.3,2,0,2,1.4,25.4,30.89,0
26.0,81.4,7,2,3,4.6,12.6,27.35,0
15.7,81.6,13,3,7,1.5,33.7,35.78,0
19.2,80.9,0,1,3,6.0,48.9,42.67,0
34.3,36.7,13,4,2,8.7,42.2,46.9,0
32.8,51.6,1,3,4,12.9,7.7,39.83,0
15.7,88.9,22,1,6,6.1,21.9,41.83,0
21.0,74.0,3,0,5,11.6,46.7,50.76,0
21.2,21.9,23,0,2,3.8,27.6,32.92,0
33.1,24.6,18,3,1,12.3,34.8,52.79,1
15.5,52.5,5,6,4,4.5,46.1,43.13,0
17.8,83.6,0,3,3,3.2,44.3,39.49,0
36.6,57.7,16,5,7,3.8,27.6,42.87,0
19.8,54.8,7,2,2,3.7,24.7,27.0,0
32.6,27.4,18,1,3,8.7,20.3,46.14,0
21.4,66.0,20,3,4,13.7,37.4,56.35,1
17.7,77.5,0,2,3,2.2,17.9,22.52,0
21.6,46.6,4,5,2,11.6,16.2,41.73,0
34.5,74.3,15,2,4,10.8,21.0,46.48,0
38.1,87.5,5,3,1,14.1,13.0,50.41,0
37.4,34.3,7,0,2,4.7,36.3,40.3,0
25.7,56.6,12,1,5,7.8,32.7,41.89,0
33.0,40.1,15,1,8,14.9,26.7,57.3,1
20.5,75.5,2,0,6,10.9,22.6,42.84,0
22.9,60.4,18,6,2,6.8,45.9,49.32,0
39.2,64.4,11,3,4,3.0,6.3,30.25,0
15.4,75.9,15,1,7,4.9,39.6,45.72,0
17.3,47.7,10,3,6,9.7,45.6,49.26,0
20.6,84.1,9,5,2,11.8,25.1,42.95,0
15.7,57.3,19,3,1,2.9,29.8,31.43,0
19.9,31.1,3,2,7,10.0,47.5,53.48,1
30.7,68.7,11,0,1,9.3,14.6,37.17,0
26.4,75.5,22,6,5,8.7,28.4,53.7,1
39.1,42.2,1,3,7,11.4,26.4,53.88,1
37.1,80.0,23,6,3,13.6,16.6,48.16,0
24.2,83.4,21,6,8,5.8,41.8,53.2,1
22.0,39.4,18,5,7,14.3,45.5,62.37,1
25.3,88.8,4,4,6,3.4,40.2,45.09,0
30.9,29.8,7,0,7,3.6,13.8,25.6,0
22.2,34.1,6,6,4,5.0,8.9,23.87,0
31.9,32.9,13,1,8,2.8,32.2,37.7,0
26.1,82.6,23,2,4,4.5,7.6,28.89,0
29.9,65.8,22,1,3,2.6,35.3,39.7,0
26.8,30.6,2,5,7,13.3,28.9,52.58,1
23.0,50.8,17,5,1,3.1,34.8,37.75,0
40.6,63.1,15,1,1,12.2,31.6,52.44,1
35.6,25.8,22,0,2,1.7,24.0,30.52,0
18.8,81.8,18,1,5,15.2,14.0,47.92,0
38.4,76.3,18,3,6,11.7,18.8,58.54,1
28.2,55.4,17,1,8,1.1,28.6,39.98,0
39.2,87.7,19,2,5,12.5,34.3,64.44,1
36.6,49.2,15,2,7,8.7,40.1,53.68,1
26.5,88.9,7,4,5,12.7,39.5,55.96,1
15.6,66.8,0,2,2,8.8,48.8,47.78,0
22.3,64.4,16,1,5,10.6,17.9,42.36,0
29.6,31.6,11,2,8,12.8,8.2,45.43,0
32.1,81.7,20,0,3,7.1,20.6,42.83,0
22.0,49.9,10,6,2,1.0,38.4,35.26,0
18.8,31.4,4,2,3,13.7,24.7,37.72,0
37.5,20.9,11,3,7,6.7,41.8,52.23,1
41.6,59.2,16,0,2,8.4,29.7,45.06,0
29.2,56.9,5,4,7,1.1,46.8,43.57,0
19.6,70.4,0,3,7,8.4,47.7,49.96,0
22.4,82.3,4,1,5,15.8,8.1,42.06,0
15.5,25.6,13,6,3,5.2,25.5,32.05,0
39.7,71.2,4,1,7,6.9,32.4,45.62,0
18.2,33.1,21,6,3,11.3,16.5,41.73,0
30.6,80.1,23,6,3,13.2,23.3,48.99,0
22.4,77.3,0,1,2,7.3,35.5,40.72,0
30.0,57.9,17,3,4,5.6,15.2,39.29,0
32.6,69.7,15,3,5,15.1,32.1,56.78,1
37.4,42.0,8,6,7,11.2,36.4,58.58,1
20.6,53.0,18,3,3,2.8,9.1,27.48,0
15.3,77.5,21,6,6,2.0,27.4,35.14,0
18.7,52.1,4,6,4,8.3,16.8,34.11,0
39.3,45.0,1,0,7,4.3,37.6,49.53,0
38.6,54.6,14,5,6,4.8,13.5,37.2,0
31.1,78.0,6,0,5,14.2,45.2,63.62,1
31.2,43.5,3,1,5,2.3,24.4,33.51,0
33.0,32.2,0,5,3,11.7,13.9,39.84,0
19.7,69.8,12,2,3,5.1,24.7,30.46,0
39.7,77.8,19,1,8,12.4,23.4,60.79,1
26.3,27.0,21,4,8,11.8,24.3,46.9,0
25.3,36.8,6,0,7,1.1,31.4,32.36,0
29.0,29.9,14,3,2,8.6,28.5,37.87,0
16.3,44.4,22,0,4,3.1,11.7,29.03,0
19.5,51.5,13,3,7,14.0,8.0,42.57,0
34.9,72.4,22,5,4,14.1,37.8,68.48,1
17.2,65.6,18,4,3,7.3,30.2,41.67,0
31.3,63.5,21,5,5,7.7,21.2,46.71,0
21.6,44.7,23,4,3,5.5,41.4,39.16,0
25.5,78.9,19,0,5,11.7,22.5,49.46,0
22.8,53.0,23,3,8,6.4,40.8,53.14,1
24.6,88.5,17,5,7,5.0,18.8,44.31,0
34.4,64.4,9,4,8,7.5,8.3,35.53,0
23.0,28.8,8,6,5,2.4,47.0,47.58,0
30.3,67.3,7,1,3,12.2,22.8,45.44,0
27.9,42.8,9,1,8,1.2,40.7,40.14,0
32.9,68.0,16,5,1,10.7,17.6,45.2,0
40.3,24.9,1,3,4,3.7,34.1,36.37,0
34.8,32.2,5,6,6,4.5,44.3,46.26,0
20.8,79.9,4,5,5,10.5,6.9,41.8,0
15.8,35.9,8,0,5,15.9,42.4,55.78,1
22.1,78.6,4,4,1,12.7,30.7,49.2,0
31.1,39.5,17,0,7,4.4,32.3,44.1,0
16.4,65.0,19,1,7,3.6,28.5,38.14,0
28.4,68.6,8,4,7,14.0,44.4,66.51,1
31.1,55.9,16,5,6,7.7,7.0,37.64,0
24.0,41.4,16,0,2,3.1,16.7,23.88,0
35.8,34.9,11,2,1,13.9,44.4,55.69,1
17.9,22.3,6,3,6,13.2,38.9,49.93,0
17.0,41.3,2,6,8,15.8,5.8,48.21,0
34.7,65.7,9,6,1,14.6,28.3,56.34,1
28.4,85.7,1,3,5,13.8,28.8,50.89,0
33.6,81.0,2,2,4,1.8,23.0,32.86,0
26.7,73.6,15,1,1,2.6,18.4,26.2,0
21.7,75.2,1,4,2,9.5,35.7,45.21,0
37.1,66.5,23,3,3,9.0,14.4,38.38,0
36.6,38.2,9,2,8,7.9,41.0,55.75,1
33.8,83.5,5,5,6,7.0,41.1,53.1,1
22.3,67.0,21,6,8,7.5,23.7,48.45,0
30.9,59.2,10,2,8,9.5,17.8,42.22,0
24.7,27.8,22,1,1,1.0,17.8,23.21,0
17.5,51.3,6,1,1,4.9,26.7,36.09,0
39.8,52.2,14,0,2,8.8,37.4,53.75,1
18.7,80.5,5,3,4,11.8,21.1,42.37,0
40.7,58.3,19,0,1,3.6,32.5,46.78,0
27.0,46.6,8,6,1,9.2,22.2,42.42,0
20.0,88.4,21,2,4,11.7,18.7,45.09,0
29.6,27.8,19,4,2,7.7,6.1,31.3,0
38.6,49.6,11,4,6,1.4,5.2,27.64,0
34.8,22.9,18,1,8,7.7,15.2,44.84,0
36.8,71.8,19,4,6,5.4,23.3,44.49,0
32.8,84.3,2,4,1,14.9,43.3,61.72,1
33.7,39.6,14,6,4,2.9,40.9,38.81,0
37.9,80.1,1,4,1,10.8,17.0,43.39,0
21.7,40.5,20,2,7,1.8,16.0,27.4,0
28.2,83.8,1,4,3,7.7,15.2,32.91,0
21.0,72.8,21,5,6,9.3,20.3,45.14,0
41.7,76.3,2,4,7,5.5,27.4,46.75,0
40.5,21.3,5,4,5,7.8,24.7,41.65,0
16.1,87.4,14,0,3,3.5,14.8,21.92,0
34.1,70.9,9,2,1,5.6,10.9,31.44,0
40.0,41.3,8,1,2,10.3,5.6,40.6,0
19.9,78.1,0,0,6,5.5,11.9,32.02,0
30.3,39.7,15,3,5,14.5,36.7,61.31,1
39.7,81.1,5,2,3,10.4,16.0,48.01,0
15.9,27.9,8,5,6,7.6,26.1,37.05,0
33.8,69.3,3,2,4,1.6,31.6,37.26,0
23.0,57.8,1,3,2,8.5,44.9,46.32,0
40.0,26.8,3,3,3,12.5,45.0,60.95,1
41.2,36.9,0,3,4,5.0,38.6,45.01,0
40.5,20.9,18,6,7,13.1,6.6,49.98,0
27.8,52.8,9,1,1,4.8,30.9,38.29,0
38.3,41.1,20,4,4,13.4,40.4,63.97,1
37.8,61.9,14,2,3,2.3,5.8,23.66,0
23.6,40.8,21,6,8,14.0,29.7,58.52,1
37.4,41.0,18,4,3,8.5,43.6,53.89,1
16.0,72.0,15,4,8,5.4,26.3,34.37,0
31.1,23.4,20,5,7,5.0,5.2,34.0,0
21.2,83.2,23,3,1,7.5,5.5,27.89,0
18.3,79.7,21,1,8,16.0,23.7,58.52,1
17.1,66.7,3,5,8,4.3,12.0,29.7,0
33.8,61.5,1,0,4,2.5,34.9,41.95,0
24.2,82.5,12,6,4,9.8,36.9,45.45,0
34.6,33.0,0,6,1,8.3,13.0,36.56,0
16.8,25.5,16,1,4,8.9,45.0,44.89,0
23.5,36.8,12,4,6,11.0,24.9,41.84,0
29.6,75.6,3,6,1,5.0,11.4,31.08,0
36.3,22.4,6,1,2,14.7,39.4,56.33,1
23.6,60.8,16,6,8,7.5,40.5,53.84,1
31.9,89.7,8,6,3,2.9,33.8,42.37,0
38.9,79.9,3,3,2,12.1,43.4,63.07,1
31.6,56.5,18,0,8,10.6,38.2,58.53,1
21.3,24.5,0,3,6,5.7,44.7,46.81,0
15.7,78.2,9,0,8,10.3,24.5,41.2,0
38.5,61.9,3,6,8,4.3,38.6,49.74,0
15.6,28.0,8,5,8,7.7,50.0,49.72,0
38.6,26.6,12,4,7,14.5,37.6,62.77,1
29.3,83.7,13,6,6,3.0,10.1,32.63,0
40.4,66.8,9,0,5,6.8,28.3,43.34,0
36.6,78.1,5,0,5,13.3,31.4,58.27,1
41.9,81.5,15,0,5,15.5,12.8,52.85,1
24.5,60.0,5,6,1,7.8,48.3,46.65,0
35.7,56.2,16,1,4,8.6,12.9,38.44,0
25.9,50.1,9,5,6,9.6,13.0,36.49,0
28.0,42.2,17,1,2,15.0,46.2,65.33,1
31.9,50.4,21,4,7,13.9,25.9,58.24,1
38.6,74.2,17,6,2,3.6,7.8,34.71,0
41.6,62.1,2,0,2,7.6,31.9,45.76,0
35.7,82.5,19,5,2,8.0,32.1,56.28,1
26.3,51.0,20,5,7,12.8,7.9,52.39,1
26.4,62.5,14,2,5,10.0,48.8,58.2,1
34.9,64.2,14,4,2,10.8,29.5,47.57,0
21.4,61.4,3,5,7,16.0,30.2,55.26,1
18.0,69.2,8,6,7,2.1,28.4,34.16,0
24.6,36.6,18,0,4,4.3,32.5,40.83,0
22.8,55.9,23,0,7,7.1,16.9,38.07,0
23.0,27.3,16,5,5,6.2,17.9,34.67,0
21.3,46.9,10,1,2,1.3,28.0,23.71,0
16.1,54.1,8,4,7,2.4,41.3,35.73,0
15.5,65.7,9,0,1,11.2,7.2,29.2,0
41.7,86.5,17,5,7,14.2,32.2,70.28,1
26.5,62.0,19,0,3,8.7,41.3,53.49,1
25.4,72.1,12,5,3,9.1,12.1,38.94,0
33.4,55.4,7,4,3,4.8,5.7,28.16,0
20.9,64.4,6,5,7,12.5,19.1,42.28,0
40.6,25.0,16,2,5,12.3,31.5,49.5,0
36.2,37.8,20,5,2,9.8,11.2,43.23,0
17.4,45.3,22,5,6,4.2,24.2,38.11,0
26.3,53.1,14,6,6,2.5,29.9,39.85,0
38.7,23.2,19,4,6,2.0,31.9,42.35,0
40.5,29.8,14,6,5,9.9,17.3,43.35,0
27.6,39.4,0,5,4,13.4,23.0,50.68,0
31.6,88.0,13,4,8,13.9,40.0,62.86,1
19.5,43.2,4,2,1,8.0,47.4,43.01,0
41.8,53.7,10,4,1,12.8,43.8,54.37,1
21.3,33.7,15,0,3,15.2,30.4,50.05,0
40.5,62.8,1,6,3,5.1,23.5,41.32,0
32.5,39.6,7,4,7,7.0,20.0,37.36,0
31.4,34.5,10,2,6,15.0,10.6,48.75,0
28.8,56.2,17,3,7,6.1,9.8,39.5,0
21.2,20.4,2,5,8,14.7,36.0,57.48,1
19.8,20.5,0,4,6,15.7,16.7,46.02,0
21.0,35.3,10,5,3,10.9,16.5,41.05,0
20.0,22.6,15,1,2,13.3,49.9,54.58,1
36.0,27.6,17,0,4,12.2,13.5,45.92,0
24.5,43.7,15,6,7,11.5,11.7,42.23,0
16.6,76.2,22,0,4,5.6,9.4,32.3,0
41.2,60.0,9,1,4,1.9,31.1,32.97,0
38.9,55.9,17,1,4,6.1,33.3,46.93,0
40.0,40.5,5,6,3,11.0,21.4,49.66,0
41.9,85.2,18,4,1,2.5,29.1,44.44,0
19.7,47.8,3,1,3,1.2,40.5,34.68,0
25.7,26.1,12,3,4,3.1,41.8,39.9,0
35.5,63.2,23,5,3,11.7,48.1,60.97,1
33.8,28.0,13,5,4,15.6,42.1,60.16,1
19.2,44.2,2,2,5,15.7,30.4,51.74,1
37.0,55.5,9,1,6,8.4,13.1,35.48,0
21.1,81.2,5,1,1,14.0,9.5,42.27,0
21.0,54.5,0,3,5,12.1,7.5,35.27,0
29.5,69.2,22,0,2,8.5,35.0,48.1,0
31.0,89.5,23,0,3,9.6,41.3,54.62,1
30.7,29.2,13,5,2,3.1,27.9,29.48,0
17.5,39.2,7,5,7,15.1,7.5,40.95,0
38.7,47.6,18,4,3,6.3,29.1,46.97,0
22.2,49.5,13,6,8,7.7,47.1,54.26,1
18.5,48.8,9,3,8,11.1,31.9,48.05,0
39.0,83.5,16,6,6,6.0,41.4,53.36,1
40.8,70.0,8,6,5,4.8,41.0,53.58,1
38.3,62.6,5,2,6,10.5,46.9,61.43,1
36.9,41.7,10,6,7,1.4,39.7,44.66,0
32.7,77.7,6,2,4,11.8,38.6,57.12,1
29.9,86.9,16,6,6,8.7,15.5,42.35,0
17.3,77.5,0,3,6,10.1,7.7,40.39,0
26.0,20.1,21,2,8,10.5,28.3,45.57,0
25.1,64.5,4,0,4,8.9,10.6,38.26,0
22.0,23.6,8,2,8,9.7,48.3,55.59,1
34.5,38.0,17,2,3,11.3,18.0,47.98,0
28.4,24.2,23,3,4,12.3,43.4,54.16,1
17.2,62.3,20,3,5,11.9,22.4,46.87,0
20.9,68.1,1,2,6,14.0,19.5,50.05,0
33.4,28.0,10,1,8,3.8,47.1,47.47,0
17.1,46.9,5,3,4,7.0,21.3,30.9,0
38.0,51.9,7,4,7,15.2,22.6,58.94,1
28.4,45.8,3,4,7,6.9,9.8,37.94,0
28.0,28.5,17,0,6,2.9,35.2,36.79,0
31.0,49.3,10,6,5,8.9,18.0,48.05,0
37.3,72.6,4,2,2,2.6,31.4,34.18,0
24.4,25.0,14,1,8,4.0,31.6,35.21,0
33.3,25.6,17,0,5,16.0,37.4,61.25,1
30.3,44.8,1,2,1,9.1,38.5,45.63,0
22.2,85.9,21,3,1,5.3,28.2,35.44,0
38.7,66.8,10,4,1,15.9,19.9,49.28,0
36.5,67.5,12,5,6,15.5,42.7,65.84,1
32.8,45.3,3,1,7,7.6,18.9,41.06,0
38.0,61.6,21,5,3,4.9,27.8,46.52,0
38.4,20.7,6,4,8,13.6,23.1,56.93,1
34.1,64.5,10,6,7,11.7,43.5,64.8,1
37.6,83.9,21,6,3,11.3,24.4,58.18,1
33.8,62.9,23,5,3,14.4,22.4,52.14,1
33.4,81.2,3,3,7,11.3,36.0,51.73,1
31.7,70.7,14,2,8,5.3,32.1,40.1,0
35.3,28.4,0,3,6,11.4,9.8,44.37,0
19.3,83.2,22,5,5,5.6,27.9,45.54,0
38.8,24.7,2,3,3,12.4,38.1,52.96,1
38.5,57.4,13,4,2,10.3,49.6,53.34,1
15.8,29.9,5,1,7,2.2,33.3,29.21,0
37.3,20.8,17,3,7,8.7,21.7,49.02,0
18.5,49.5,0,4,1,6.1,15.2,26.89,0
24.0,40.7,5,1,5,5.9,44.3,46.92,0
35.1,54.0,5,6,1,10.0,41.7,51.52,1
19.3,60.4,20,2,7,5.8,15.5,36.22,0
37.1,23.1,15,5,7,12.7,14.0,51.87,1
37.5,28.6,4,6,3,2.1,37.2,34.04,0
28.7,59.1,16,2,5,10.9,19.2,44.37,0
15.2,44.0,9,6,4,13.1,18.8,41.7,0
22.8,71.0,20,0,2,11.1,11.9,42.73,0
31.7,65.7,17,6,8,8.5,16.9,50.57,0
41.5,79.2,6,4,3,15.3,24.2,54.81,1
32.1,68.5,2,1,7,5.5,38.0,45.59,0
22.0,50.1,12,6,8,1.3,20.1,24.78,0
32.1,67.1,14,3,3,7.5,19.8,40.07,0
29.6,39.3,19,2,2,1.5,17.8,29.63,0
36.1,41.4,18,6,7,15.3,26.5,67.41,1
17.9,75.2,2,1,2,4.1,13.1,23.28,0
35.5,51.2,3,4,8,12.8,26.9,57.06,1
29.6,75.9,4,0,4,12.6,36.7,51.76,1
41.0,77.6,0,2,3,4.3,6.3,23.88,0
24.2,80.0,3,5,6,10.3,5.4,38.54,0
32.1,84.2,11,1,3,1.7,8.4,23.23,0
40.2,50.2,23,5,1,8.3,29.1,43.23,0
17.8,42.3,9,1,5,1.2,43.5,36.59,0
40.3,60.8,22,1,5,14.8,5.2,55.19,1
33.6,46.0,20,4,1,15.6,47.1,65.88,1
16.8,62.1,19,4,7,4.3,9.8,30.62,0
23.1,69.4,23,4,5,4.1,42.9,42.08,0
34.1,68.2,12,6,2,12.3,26.7,49.21,0
16.8,46.2,22,3,8,4.8,34.7,44.59,0
30.7,31.7,13,1,8,14.4,28.0,51.32,1
24.3,50.1,22,2,5,9.6,26.5,44.61,0
31.8,30.0,4,5,5,6.3,42.6,46.4,0
16.2,82.3,3,4,1,13.5,39.0,51.19,1
38.5,44.2,13,6,7,8.4,26.8,48.73,0
41.3,30.8,9,4,4,14.7,10.0,51.02,1
41.2,21.8,16,5,5,14.9,10.2,52.45,1
35.2,65.2,9,5,6,3.5,41.1,45.07,0
18.5,64.6,6,1,5,1.0,28.8,30.35,0
