attendance,study_hours,assignment_score,quiz_score,midterm_score,final_score,practical_score,class_participation,lms_activity,sleep_hours,previous_gpa,projects_completed,coding_practice_hours,self_study_hours,internal_assessment,performance_category
83.9,15.5,86.5,69.5,87.2,78.6,90.8,64.1,74.6,5.9,3.62,9,23.2,13.9,93.8,Excellent
70.9,13.9,97.1,89.6,89.3,96.8,86.7,54.3,61.8,6.4,3.52,5,14.7,9.9,86.3,Excellent
77.4,15.9,54.8,45.9,44.3,47.3,56.0,55.4,73.0,6.1,2.53,6,13.9,14.1,68.1,Poor
90.2,21.7,81.3,87.2,73.8,84.9,65.2,80.2,76.4,6.5,2.95,3,10.1,20.2,80.4,Good
71.8,8.1,55.6,62.2,51.7,47.5,76.1,62.4,51.9,6.8,2.95,7,11.0,14.9,55.7,Poor
70.4,14.5,58.9,53.2,48.1,61.8,75.4,46.3,62.5,7.8,2.75,7,4.8,12.8,62.7,Average
94.3,22.9,85.5,62.6,58.4,47.6,83.9,92.1,80.0,6.7,3.02,8,18.3,18.6,75.6,Average
87.5,16.4,69.7,46.6,51.6,52.5,76.5,75.4,53.6,5.4,2.75,8,12.4,19.6,60.2,Average
70.7,14.6,61.5,75.2,69.2,63.0,89.3,47.1,49.7,8.1,2.77,8,11.9,9.2,65.6,Average
87.8,20.5,56.1,53.5,48.8,59.7,57.5,67.0,68.6,6.2,2.95,5,6.9,17.3,66.8,Average
64.7,7.9,73.3,71.2,77.6,69.6,85.2,65.8,52.7,6.9,3.42,8,20.9,9.3,70.9,Good
69.4,10.4,69.8,75.3,58.1,55.9,78.0,58.9,57.4,7.4,3.16,5,17.3,11.4,70.6,Average
73.8,13.9,71.1,56.9,73.4,58.2,97.0,63.7,69.5,7.2,2.75,10,21.5,12.6,69.8,Average
50.0,2.6,48.3,46.9,39.2,46.0,50.4,29.4,27.6,8.1,2.58,4,1.3,4.2,55.7,Poor
57.3,8.9,53.8,56.4,59.4,50.4,92.3,34.7,38.5,7.5,2.8,8,11.7,4.0,55.2,Poor
68.8,11.6,77.9,84.8,79.7,73.4,72.2,47.5,37.7,6.1,3.16,6,11.3,13.8,76.5,Good
72.4,9.1,71.4,65.9,66.9,68.1,60.6,28.0,45.8,9.2,3.54,4,10.1,5.7,66.3,Good
81.3,10.6,48.7,37.3,53.3,56.8,59.6,81.1,70.7,7.2,2.64,3,7.5,11.0,67.9,Average
60.8,12.4,65.5,66.7,75.4,61.9,67.4,47.6,33.7,6.9,2.5,6,0.0,14.7,64.2,Average
70.1,4.2,67.7,81.8,60.8,72.8,75.6,42.0,22.6,8.0,3.37,6,11.3,9.3,77.5,Good
95.8,22.5,58.2,51.8,43.5,59.2,67.1,81.5,80.4,7.2,2.26,8,18.5,10.7,58.0,Average
75.7,14.7,90.3,72.8,55.7,66.2,69.5,50.7,50.6,7.4,3.2,2,1.9,9.4,75.5,Good
74.5,19.4,64.2,56.3,48.3,45.6,68.8,59.5,67.2,9.5,2.66,4,10.5,6.8,61.2,Poor
56.0,3.9,68.2,82.9,85.0,75.1,100.0,25.8,29.4,6.7,3.39,9,19.2,3.4,64.9,Good
67.7,3.2,62.7,46.1,49.5,48.5,98.0,70.1,43.4,6.7,2.92,10,17.3,0.4,51.5,Poor
81.6,16.1,51.3,40.4,29.7,36.7,73.2,51.8,57.1,7.1,2.33,6,10.0,12.0,47.1,Poor
72.9,14.6,46.8,46.4,39.2,31.7,55.5,34.5,48.2,8.1,2.28,5,10.9,4.0,47.5,Poor
86.5,20.6,75.5,71.4,80.2,67.7,75.9,62.1,66.9,5.5,3.01,4,10.1,13.7,73.0,Good
66.5,12.6,80.4,68.6,56.1,78.3,80.2,61.3,47.8,5.0,3.11,5,7.4,4.7,75.2,Good
66.5,12.1,52.0,55.5,44.1,56.2,47.4,55.7,53.9,6.4,2.48,3,0.0,11.1,57.6,Poor
69.7,14.4,77.0,62.0,85.1,80.0,70.2,41.1,59.5,5.4,3.37,3,11.3,8.3,69.6,Good
84.7,21.3,54.7,40.8,53.1,39.3,41.4,97.8,87.3,6.6,2.43,1,7.2,23.9,53.6,Poor
76.5,16.4,71.9,69.8,63.3,59.0,78.2,65.6,70.3,7.5,3.28,6,12.2,16.2,71.7,Average
63.7,11.2,45.6,45.2,38.2,26.4,69.3,48.4,42.6,6.1,2.77,5,9.8,10.1,60.6,Poor
80.9,22.3,64.2,59.2,69.9,55.0,63.2,78.1,73.5,5.6,2.6,6,7.6,14.3,73.1,Average
54.8,17.2,63.0,71.3,76.9,68.6,90.7,60.8,58.0,7.1,3.18,9,12.2,13.1,69.1,Average
79.7,17.2,65.6,53.9,56.8,57.2,48.4,80.6,55.3,7.9,2.47,1,3.0,8.2,65.4,Average
52.7,3.7,60.2,63.6,53.5,51.7,44.6,25.1,21.9,5.3,2.99,1,0.0,0.0,66.8,Poor
55.9,8.3,69.2,76.3,79.8,77.7,77.3,53.1,26.2,7.8,3.3,3,6.3,6.4,76.4,Good
62.6,10.7,64.3,58.7,55.2,54.4,86.7,66.0,71.2,7.8,2.56,6,14.7,19.5,68.2,Average
82.2,16.6,80.2,83.4,79.9,84.6,94.2,75.1,86.8,8.0,3.39,9,21.7,14.3,79.7,Excellent
85.6,14.6,51.0,53.1,58.2,54.2,67.2,49.0,76.4,8.2,2.01,4,7.9,12.1,52.6,Poor
82.1,12.8,74.7,71.9,79.1,65.3,79.7,56.9,67.7,9.2,2.86,8,17.5,7.2,71.4,Good
69.7,14.0,84.3,89.5,79.1,90.7,73.6,49.0,53.0,6.6,3.54,3,13.3,13.6,83.2,Excellent
57.2,5.1,45.1,37.7,37.6,27.1,56.9,44.4,30.5,7.1,2.03,5,9.4,8.9,39.7,Poor
70.1,14.8,59.0,44.5,55.2,48.9,82.2,57.8,33.7,6.6,2.61,6,14.4,11.5,68.8,Poor
65.4,12.7,67.7,83.0,78.5,78.6,82.2,36.5,68.0,7.0,2.91,6,12.4,8.3,74.3,Good
87.1,20.3,70.0,63.1,72.2,84.9,45.1,75.7,82.8,8.5,2.76,2,1.3,14.1,78.1,Good
82.3,15.7,81.3,75.7,62.8,73.7,96.1,74.1,62.2,5.7,3.23,7,20.3,9.5,72.9,Good
63.5,6.7,64.4,66.7,55.7,52.6,86.5,32.1,38.9,6.1,2.87,7,18.4,5.2,55.3,Poor
77.7,19.1,64.7,61.0,62.6,65.3,68.0,70.7,58.1,8.4,3.03,5,8.5,10.1,65.5,Average
70.1,10.5,56.8,61.6,51.7,64.1,79.4,57.0,56.3,8.0,3.17,6,17.0,6.9,63.2,Average
63.8,9.6,90.0,82.6,84.9,85.7,87.6,52.6,46.4,6.6,3.55,7,6.5,8.0,81.6,Excellent
77.0,17.1,78.1,66.9,86.4,74.7,70.4,67.0,76.1,7.9,2.95,6,9.1,13.0,75.0,Good
84.2,16.1,74.9,83.1,57.2,70.4,63.0,65.7,78.0,7.3,3.08,4,11.9,14.5,82.2,Good
86.1,17.2,72.4,57.1,58.6,65.4,56.4,65.0,65.2,8.5,2.55,2,9.3,17.1,70.5,Average
71.2,9.4,46.8,57.8,62.2,64.6,62.2,53.1,45.5,7.1,2.78,5,12.1,8.9,60.0,Average
67.9,16.1,63.3,63.2,59.4,61.5,87.2,55.5,62.8,8.0,3.05,7,15.2,9.9,75.2,Average
85.8,17.4,78.0,66.3,70.1,80.4,77.4,63.9,65.7,9.6,3.29,8,10.8,13.9,74.8,Good
83.4,20.5,74.4,59.7,49.6,62.7,65.6,71.2,83.8,7.6,3.11,5,9.5,12.9,75.5,Average
70.1,15.2,66.0,74.0,71.0,74.2,77.7,50.4,43.0,7.0,3.06,8,8.3,10.4,69.0,Good
69.4,13.7,94.4,95.1,90.8,100.0,46.2,65.6,56.4,7.7,4.0,0,0.0,11.7,93.6,Excellent
51.8,10.6,70.3,79.6,62.7,70.8,87.1,40.7,35.1,6.6,3.31,7,16.4,3.1,78.9,Average
67.5,8.7,61.4,60.3,68.5,58.9,43.4,31.3,44.4,9.4,3.16,2,1.5,10.2,63.0,Average
86.8,19.9,84.0,75.7,89.7,83.5,74.5,78.1,74.9,7.2,3.48,5,10.9,12.6,73.5,Excellent
87.2,20.0,69.8,64.2,59.2,62.1,48.3,78.7,89.9,6.7,2.98,2,2.0,17.7,71.4,Average
74.6,7.3,40.2,50.0,36.0,35.2,44.7,59.2,67.4,6.2,2.48,2,2.3,15.2,55.5,Poor
87.6,19.6,66.2,54.0,57.4,56.7,76.2,87.9,83.6,8.1,2.56,7,14.1,18.8,66.6,Average
70.8,21.1,53.7,43.2,38.5,31.4,60.9,65.3,68.7,7.9,2.3,6,11.9,13.5,55.0,Poor
65.9,14.6,61.4,67.2,66.1,65.1,73.5,52.6,40.4,6.5,3.12,4,8.7,8.3,55.3,Average
82.6,19.7,72.2,60.6,63.2,72.2,66.4,56.0,66.5,7.6,2.98,6,7.2,16.3,68.0,Good
84.1,26.4,90.6,100.0,99.3,95.7,84.0,81.3,83.4,5.5,3.41,5,15.6,20.2,95.0,Excellent
76.1,15.1,72.2,73.8,72.1,62.9,76.8,64.3,56.6,7.2,3.56,4,8.4,10.0,75.2,Good
83.9,23.4,74.9,74.7,63.1,68.9,46.7,71.0,85.2,7.5,2.82,4,11.2,15.9,80.1,Good
51.1,2.0,80.0,75.2,68.6,67.1,85.3,22.3,5.0,8.7,3.36,8,7.5,0.0,67.1,Average
83.0,18.2,42.0,48.0,33.8,35.6,50.4,73.1,59.1,6.2,2.35,5,5.0,15.7,53.2,Poor
67.8,17.3,80.6,75.9,62.7,68.9,41.9,61.6,56.2,5.7,2.97,3,0.0,12.1,72.8,Good
77.8,17.1,82.7,82.1,72.1,66.1,76.5,63.8,56.2,6.1,3.11,6,7.2,14.2,71.6,Good
72.2,15.0,54.1,48.7,37.1,41.4,82.3,64.1,50.9,5.7,2.46,9,16.0,13.4,44.3,Poor
51.1,3.7,82.6,82.5,74.7,75.5,92.6,42.0,24.3,8.3,3.1,7,6.0,8.1,75.6,Good
73.8,13.9,74.8,79.9,85.0,75.3,67.5,48.8,71.2,8.5,3.08,5,11.4,9.0,73.4,Good
84.3,18.6,68.7,63.0,68.1,57.6,57.8,66.4,74.6,7.3,2.88,6,11.0,16.8,64.2,Average
84.7,18.1,84.7,65.1,87.9,93.1,68.3,82.8,99.8,8.2,3.2,4,11.3,16.3,74.1,Excellent
70.1,5.5,100.0,93.1,90.5,89.8,100.0,43.7,53.8,7.1,3.6,9,23.4,12.3,93.8,Excellent
69.1,9.3,73.6,69.4,68.2,74.5,75.7,55.5,54.8,6.9,3.39,5,12.3,4.4,67.3,Good
73.4,8.8,67.3,73.3,59.7,67.6,83.7,71.1,45.2,6.7,3.12,4,8.7,10.7,73.3,Average
85.0,18.1,62.5,61.2,53.2,68.5,88.3,73.6,71.3,6.7,3.1,7,13.9,9.7,78.4,Average
76.5,16.2,60.4,63.4,45.8,55.2,73.9,69.0,44.0,5.5,2.61,4,14.3,12.5,52.1,Poor
65.6,11.0,73.3,67.9,86.1,85.0,68.0,52.7,60.0,7.3,3.16,5,8.8,11.2,72.7,Good
80.6,21.9,62.0,56.9,49.4,53.0,57.4,62.0,81.6,7.0,2.71,5,10.6,12.5,62.4,Average
70.6,16.5,77.5,58.1,73.6,61.9,66.2,46.9,57.3,7.7,2.99,4,7.3,9.2,78.4,Good
70.1,20.7,66.8,65.9,62.1,71.8,68.0,68.9,75.4,7.1,2.57,7,13.6,18.4,60.9,Average
70.2,13.4,72.0,74.1,88.3,71.2,86.0,38.3,41.3,6.8,3.49,5,10.0,8.9,81.7,Good
76.2,9.9,72.7,75.2,59.6,72.4,61.6,68.7,57.2,6.1,3.01,6,9.3,9.2,72.7,Good
59.3,16.2,84.7,77.3,89.4,89.4,86.1,53.2,61.9,7.1,3.05,7,17.2,10.6,78.3,Good
55.3,7.5,45.3,68.5,65.4,46.8,67.0,35.3,19.7,7.7,3.06,3,4.7,14.1,58.1,Poor
81.1,18.5,65.2,70.5,54.1,67.4,68.4,71.6,68.6,5.9,2.79,8,6.3,16.6,66.3,Average
87.9,13.1,60.6,57.8,57.4,48.8,41.6,54.9,62.5,7.1,2.49,1,0.0,16.5,66.5,Average
75.2,10.4,70.7,61.0,60.7,59.1,83.6,53.9,61.0,7.2,2.47,6,17.6,13.3,60.2,Average
69.0,16.3,70.9,76.8,69.1,72.5,83.6,57.0,59.4,6.3,3.5,4,12.0,11.6,74.6,Good
59.9,9.1,62.6,74.4,70.6,64.4,87.7,47.0,33.0,6.4,3.04,7,11.8,0.0,70.0,Average
77.7,10.2,59.9,60.2,46.1,45.9,26.6,57.7,51.6,7.2,2.64,0,0.0,8.3,55.3,Poor
68.3,10.7,75.5,90.1,92.4,87.6,100.0,56.8,52.1,5.9,3.53,9,21.2,9.2,90.3,Excellent
63.0,14.4,76.3,93.4,85.3,90.8,81.2,48.6,53.3,7.3,3.63,4,5.2,3.2,82.4,Excellent
71.0,10.6,71.0,69.4,76.7,72.6,83.2,60.8,60.4,6.1,3.15,8,16.1,7.9,76.6,Good
74.3,21.9,93.6,96.4,87.6,100.0,62.5,67.7,69.0,8.1,3.41,3,3.4,7.7,96.1,Excellent
94.5,21.7,67.1,49.4,47.9,60.4,73.6,80.1,83.8,9.3,2.53,4,14.1,19.4,62.7,Average
84.9,17.8,44.9,54.0,53.9,55.9,50.4,63.0,60.1,6.1,2.54,3,3.2,15.2,67.0,Average
79.2,15.3,54.4,45.8,28.9,38.4,55.2,55.3,71.8,7.5,2.13,1,6.3,16.4,40.7,Poor
73.0,16.4,94.0,77.7,84.5,92.0,100.0,59.5,59.0,6.3,3.64,9,19.3,12.9,80.8,Excellent
54.4,3.8,71.5,70.2,75.1,76.7,70.8,27.4,30.7,8.0,3.4,4,5.9,1.4,66.6,Good
66.9,14.4,63.5,65.5,64.9,61.3,62.9,79.9,73.7,5.7,3.17,6,0.0,6.1,72.2,Average
80.0,15.4,72.7,70.1,67.9,81.1,91.7,60.6,69.4,7.5,2.87,8,12.0,7.0,74.1,Good
99.2,24.3,68.8,45.0,50.9,49.7,69.2,85.7,100.0,6.1,2.99,5,16.2,18.0,67.8,Average
72.2,16.3,100.0,100.0,100.0,100.0,84.8,56.0,52.4,6.8,4.0,6,14.9,8.6,93.6,Excellent
94.0,15.0,76.4,71.3,72.1,68.0,74.6,68.7,45.0,6.0,3.05,5,9.2,12.7,67.6,Good
76.1,14.1,67.5,68.4,59.7,67.2,100.0,72.9,58.0,7.8,3.26,10,22.4,8.8,63.5,Average
59.6,6.2,73.3,73.6,73.9,62.6,58.6,37.8,36.4,6.2,3.76,5,11.9,8.3,76.2,Good
84.3,13.0,83.8,81.0,80.6,76.5,75.3,64.5,83.7,7.6,2.9,5,9.4,15.9,82.8,Good
88.3,18.2,83.7,81.1,74.6,67.4,86.4,77.8,72.3,6.7,3.04,8,17.9,15.0,83.2,Good
83.5,26.2,68.0,54.0,43.5,53.9,80.4,60.8,71.7,6.9,2.21,7,14.7,18.6,61.3,Poor
58.7,12.8,75.1,70.9,74.5,70.1,98.8,42.9,29.4,7.1,3.23,7,12.6,4.8,74.5,Good
93.6,22.0,100.0,97.3,79.4,100.0,84.6,79.0,77.7,6.2,3.83,6,13.6,18.9,93.0,Excellent
57.6,7.2,86.2,84.7,85.5,84.2,63.4,38.4,38.6,7.2,3.53,3,0.0,6.4,83.8,Good
90.2,18.0,94.1,89.5,100.0,96.7,100.0,74.3,84.3,8.5,3.51,10,25.0,13.3,93.4,Excellent
100.0,27.6,70.5,65.3,50.7,61.0,56.6,87.4,98.6,6.2,2.39,1,11.2,23.4,74.7,Average
62.9,6.5,60.2,42.7,44.3,41.9,66.3,43.0,44.8,8.2,2.68,6,12.8,10.7,54.4,Poor
75.7,15.5,69.1,74.1,68.5,73.5,54.4,51.4,57.4,8.5,3.24,4,6.6,6.9,71.3,Good
76.3,17.6,69.0,69.2,55.0,63.9,74.8,62.7,55.3,6.2,2.9,5,5.1,11.9,74.2,Average
74.2,14.6,78.2,80.8,77.0,92.4,82.5,53.2,53.9,5.5,3.53,7,11.8,10.8,75.5,Good
61.9,8.6,43.4,43.8,43.8,32.3,58.6,40.2,26.2,7.3,2.01,6,11.7,5.0,40.2,Poor
71.5,15.4,91.0,89.2,83.5,91.8,81.3,67.8,68.2,6.5,3.7,6,9.7,14.0,84.1,Excellent
61.2,11.7,63.8,55.4,61.0,66.6,95.3,47.2,42.1,8.9,2.86,9,18.8,8.6,71.7,Average
84.9,19.1,68.8,71.0,63.8,69.7,78.9,70.7,70.9,7.0,2.68,6,15.3,19.4,73.4,Good
64.1,9.3,61.8,54.1,52.8,46.5,57.9,33.6,37.2,6.2,2.44,4,12.5,3.7,50.6,Poor
88.5,21.0,63.2,47.5,42.0,44.4,61.6,83.7,93.6,5.9,2.26,7,16.7,17.8,53.8,Poor
62.4,11.4,76.9,85.2,75.0,76.7,94.6,52.1,62.6,8.1,3.41,7,11.1,6.1,81.5,Good
73.9,18.0,74.0,62.9,68.7,68.9,45.9,61.0,46.1,6.4,2.77,2,2.1,12.5,63.8,Average
93.4,15.4,53.4,52.8,44.8,55.0,62.4,66.7,71.9,7.0,2.4,6,18.9,10.4,62.9,Average
57.4,4.4,50.3,48.3,48.8,41.4,59.9,36.3,39.7,8.0,2.47,8,5.6,8.1,49.0,Poor
77.4,16.6,76.2,68.4,56.5,66.3,67.9,58.8,70.4,6.5,2.65,1,2.8,11.0,75.6,Average
95.1,21.7,95.5,78.6,88.8,100.0,99.6,83.9,79.1,7.0,4.0,8,19.8,15.0,88.1,Excellent
58.5,7.5,54.6,63.8,54.2,58.7,65.3,44.2,8.4,7.0,2.73,5,4.7,1.2,66.7,Poor
79.1,16.7,49.6,43.3,42.2,45.6,71.3,59.5,74.2,7.7,2.26,4,11.0,11.3,56.6,Poor
72.3,15.6,62.9,67.2,55.6,55.0,69.4,71.2,70.8,7.6,2.71,5,12.5,16.3,69.8,Average
85.0,23.4,66.7,67.0,53.1,50.0,77.0,72.7,60.1,6.8,3.25,6,10.0,15.1,60.5,Average
61.7,4.0,29.6,26.0,26.4,21.2,33.1,40.5,32.9,7.1,2.03,3,0.0,8.9,27.1,Poor
66.7,5.9,55.7,63.0,65.7,60.3,48.0,38.5,48.8,6.6,2.79,0,6.3,11.7,63.1,Average
86.2,17.3,69.9,64.1,67.0,62.3,84.7,73.8,81.0,5.5,3.13,10,16.0,14.9,71.0,Good
90.9,11.6,84.4,72.4,72.4,80.8,59.6,67.1,72.9,7.3,3.32,3,3.2,11.5,72.5,Good
80.4,15.7,88.9,98.9,95.6,97.2,63.1,82.0,63.1,8.9,3.79,4,8.9,14.4,84.0,Excellent
80.1,21.7,92.8,81.6,85.8,93.2,46.5,58.4,66.9,6.1,3.38,1,0.0,11.8,85.5,Excellent
69.2,11.7,65.9,46.8,64.1,60.5,59.3,53.9,46.7,6.2,2.74,3,5.3,7.8,67.4,Average
75.6,16.9,63.0,50.3,42.6,45.7,47.7,59.3,73.2,6.1,2.62,3,5.3,8.4,59.2,Poor
79.6,12.7,99.1,97.8,100.0,100.0,100.0,57.4,58.3,7.7,3.92,8,22.0,16.0,100.0,Excellent
66.4,9.6,71.4,59.0,68.4,63.8,96.2,49.2,40.7,7.4,3.39,5,12.6,8.0,61.9,Average
94.5,23.2,74.0,60.8,65.3,77.8,58.2,89.1,100.0,6.8,2.75,5,14.9,20.0,75.8,Good
86.3,16.4,76.5,68.3,50.0,65.6,99.0,90.5,68.2,6.1,3.3,9,15.8,10.8,79.9,Good
58.1,12.9,67.3,78.7,69.1,61.5,86.9,40.7,49.6,7.1,3.06,6,14.8,8.5,67.6,Average
87.3,20.0,74.3,67.9,78.3,67.8,60.4,60.8,66.4,5.4,3.0,4,7.2,12.3,71.8,Good
71.8,6.8,52.4,56.3,53.9,54.0,37.1,47.6,42.0,7.1,2.94,0,0.0,7.7,71.9,Average
82.3,19.7,62.9,63.1,51.7,64.3,100.0,55.2,66.8,7.9,2.66,10,23.5,17.8,60.7,Average
76.0,22.3,78.4,64.8,67.1,69.5,46.2,76.6,80.9,5.7,3.16,3,3.4,19.0,78.3,Good
63.8,14.3,54.6,56.2,59.0,44.0,40.2,47.8,33.4,5.5,2.24,0,2.1,8.7,69.6,Poor
91.1,24.6,68.6,51.1,62.7,56.9,85.4,80.8,73.4,8.6,2.57,6,19.7,10.5,65.1,Average
79.0,14.0,66.5,59.0,57.8,75.1,100.0,74.0,55.9,6.4,2.86,10,25.0,22.6,77.0,Good
78.2,16.7,75.3,62.1,66.3,64.4,86.3,68.3,80.3,8.1,2.65,10,15.5,20.5,65.8,Average
91.4,20.7,91.4,90.0,91.7,97.2,94.3,87.2,99.9,6.8,3.56,6,15.2,21.8,89.2,Excellent
76.7,13.1,39.7,30.3,24.2,29.5,61.4,50.2,41.7,6.8,2.02,7,12.5,8.8,44.4,Poor
70.2,12.6,82.5,80.8,83.7,77.2,88.4,39.7,57.1,7.4,3.58,7,12.6,8.6,81.9,Good
64.9,13.5,77.0,79.8,90.9,74.1,90.9,49.1,64.0,6.1,3.55,6,14.3,6.8,84.5,Good
65.0,10.7,44.0,42.6,40.0,29.6,55.7,37.6,45.7,7.1,2.04,5,3.7,12.5,53.9,Poor
72.3,13.7,66.8,55.3,51.9,58.3,72.3,55.5,53.5,6.6,2.94,5,11.4,12.5,65.9,Average
73.8,17.2,64.6,67.5,65.2,56.6,61.9,57.2,88.7,5.7,2.88,5,9.5,11.0,73.6,Average
85.8,13.9,49.5,42.3,43.4,44.5,55.8,68.5,54.4,7.3,2.62,5,4.3,11.7,55.3,Poor
81.7,25.4,55.0,52.6,53.8,60.8,57.1,86.8,75.1,6.7,2.84,5,8.0,18.7,70.0,Average
81.2,10.2,58.5,43.7,48.9,49.2,42.5,49.8,61.7,6.8,2.56,3,0.9,16.9,60.0,Poor
97.1,22.8,90.5,89.5,90.2,100.0,82.8,67.0,96.9,5.8,3.52,4,1.6,22.4,95.6,Excellent
77.3,19.7,80.4,87.0,87.4,91.8,64.2,55.0,58.1,8.6,3.24,3,2.4,13.2,80.4,Excellent
100.0,28.6,97.5,88.9,83.5,96.2,61.1,100.0,100.0,7.9,3.4,2,7.3,22.1,85.6,Excellent
83.3,17.6,85.2,84.0,68.0,82.7,75.2,71.1,63.7,8.0,3.23,6,13.7,4.8,74.1,Good
66.3,9.6,50.7,55.3,45.3,42.5,82.4,43.6,41.8,6.7,2.6,7,12.8,9.5,55.8,Poor
59.8,9.1,56.7,54.0,58.4,49.2,88.5,42.3,32.7,5.3,2.93,8,11.8,7.7,52.0,Poor
81.4,21.5,81.9,72.9,80.9,73.3,45.4,70.2,69.1,9.0,3.19,1,7.7,14.3,81.0,Good
66.9,7.2,55.9,46.2,50.9,43.7,43.9,65.0,51.5,6.9,2.51,3,7.6,11.3,61.2,Poor
88.1,23.2,83.7,86.0,69.7,83.4,91.0,55.1,60.9,6.3,3.31,8,18.8,10.9,81.6,Good
77.4,13.1,71.8,57.5,78.8,79.1,50.1,64.1,78.6,7.4,2.8,1,4.5,15.6,63.9,Good
75.3,13.8,57.5,68.1,61.2,56.4,60.0,60.6,54.7,8.2,2.66,7,10.4,13.6,72.9,Average
67.9,9.5,78.1,83.3,84.6,72.5,74.6,40.0,34.6,7.0,2.93,6,10.4,10.7,83.9,Good
58.6,9.2,70.8,85.2,70.6,67.7,55.3,51.1,31.4,8.3,3.04,1,1.5,8.8,69.1,Average
73.5,8.0,58.4,60.5,63.3,61.8,69.4,48.2,52.5,8.1,2.95,5,10.9,12.0,67.2,Average
81.2,20.7,87.0,88.5,88.3,90.6,57.0,72.5,61.4,5.9,3.32,2,3.3,14.2,86.0,Excellent
81.5,22.1,57.9,66.6,57.3,58.3,60.3,67.7,66.5,6.3,2.52,4,11.9,12.6,62.7,Average
55.8,4.7,70.5,72.9,81.6,57.3,80.5,36.6,29.2,8.0,3.34,7,8.6,7.3,70.6,Average
77.4,16.4,79.7,67.1,80.0,62.9,48.1,47.8,76.8,4.3,3.34,3,4.2,13.0,76.5,Good
88.5,14.9,75.4,52.4,58.2,60.6,74.1,62.4,71.1,6.9,2.66,6,17.3,16.5,73.0,Average
61.2,11.9,74.9,76.8,65.9,75.3,73.9,55.0,40.9,5.6,3.33,5,11.2,10.4,81.5,Good
73.1,15.8,49.2,39.2,48.6,38.2,78.4,59.6,56.8,6.5,2.73,6,8.8,18.8,51.1,Poor
78.2,13.4,84.5,78.7,85.4,64.0,78.6,54.1,60.2,6.7,3.14,7,12.6,18.9,79.0,Good
64.5,10.7,68.7,68.0,60.7,62.9,87.2,50.3,44.3,6.6,2.76,6,17.1,7.7,57.7,Average
80.3,22.2,67.5,61.8,64.6,61.5,64.3,62.7,66.2,6.4,3.03,5,14.0,1.9,74.2,Average
83.1,17.2,90.8,85.2,90.9,79.5,61.6,64.3,68.4,5.9,3.39,4,5.6,18.0,79.8,Excellent
89.0,22.6,77.0,59.5,48.0,54.1,71.6,77.4,80.0,9.3,2.27,6,10.8,14.7,60.1,Average
91.1,16.4,63.5,56.0,38.0,42.9,74.0,82.0,74.1,8.9,2.16,5,17.8,13.8,63.3,Poor
63.3,5.2,45.7,40.5,40.7,37.2,65.8,58.4,32.5,5.8,2.33,3,5.2,5.3,57.6,Poor
64.4,11.7,77.8,72.4,76.2,69.2,73.0,52.6,26.4,8.6,3.01,5,7.4,6.9,75.6,Good
83.5,22.0,57.9,45.4,42.1,51.5,60.1,77.0,77.1,6.6,2.41,4,12.2,15.9,60.3,Poor
89.6,18.6,93.7,97.5,100.0,80.0,66.4,63.7,71.6,7.1,3.71,5,7.6,9.4,91.6,Excellent
79.5,16.6,45.8,44.3,36.7,30.6,43.3,59.5,63.1,6.9,2.46,1,1.8,10.8,58.3,Poor
100.0,34.3,100.0,94.5,90.7,100.0,100.0,100.0,100.0,6.3,3.62,10,23.8,28.4,98.0,Excellent
86.2,14.1,71.3,78.1,58.1,71.1,49.4,69.4,71.0,8.0,3.3,5,5.9,16.2,73.8,Good
85.8,22.5,82.2,59.6,54.3,66.8,62.1,68.4,72.2,7.1,3.25,3,4.8,18.5,71.3,Good
73.7,22.4,70.7,70.4,58.8,66.9,58.5,72.9,84.0,6.5,3.07,2,7.6,13.5,62.5,Average
85.8,16.9,71.1,82.7,56.1,64.8,87.2,73.0,74.9,5.7,3.22,6,16.8,11.7,75.0,Good
69.2,12.0,69.8,71.9,71.5,65.4,65.8,58.2,57.5,6.1,2.59,4,11.8,9.2,73.9,Average
82.1,19.6,76.5,94.1,80.4,91.0,94.0,75.4,70.3,5.4,3.53,8,19.8,15.8,86.9,Excellent
68.9,9.8,70.6,59.7,89.4,76.9,72.4,50.7,49.7,7.0,3.26,3,2.9,13.4,71.3,Good
73.6,13.6,75.0,67.0,83.4,65.6,80.9,52.4,53.6,5.8,3.04,7,14.5,4.9,71.3,Good
73.7,18.9,60.2,58.5,58.3,61.2,59.3,48.6,55.7,6.7,3.2,2,4.0,9.4,67.0,Average
73.6,14.7,70.3,71.5,63.4,55.6,100.0,51.6,46.2,8.4,3.15,8,17.2,8.3,65.8,Average
100.0,25.5,95.0,66.0,76.6,66.8,58.8,100.0,98.2,8.2,3.24,4,8.2,16.3,80.8,Good
55.0,3.7,37.6,48.6,51.3,37.2,68.7,32.1,40.2,7.0,2.53,3,12.1,7.4,46.4,Poor
85.6,20.7,52.0,57.3,33.3,48.1,72.9,68.5,66.2,6.9,2.53,6,15.0,16.4,60.7,Poor
61.9,6.4,78.3,82.6,63.6,79.5,78.4,28.4,26.1,8.9,2.8,9,8.9,6.9,72.6,Good
65.6,10.7,79.5,72.1,63.2,59.6,67.7,76.4,47.9,7.5,2.97,5,13.0,12.9,69.1,Average
91.3,24.4,73.3,59.5,66.3,71.5,51.3,67.7,69.9,6.7,3.17,4,7.2,14.9,70.6,Good
73.0,19.6,75.6,63.2,68.8,78.8,71.8,57.5,43.5,5.6,2.85,5,6.5,11.0,86.2,Good
68.3,7.8,75.5,80.4,77.7,70.8,67.1,47.2,38.8,7.4,3.09,5,2.3,14.2,73.7,Good
69.7,5.8,56.2,65.1,48.5,57.2,89.7,54.1,48.2,7.8,2.58,7,14.5,8.4,63.8,Poor
91.0,21.4,61.6,56.9,37.1,57.3,99.4,77.9,71.8,6.4,3.05,10,22.9,16.9,63.8,Average
66.6,9.3,74.9,68.2,73.9,57.8,56.7,63.5,45.7,7.3,3.41,3,10.4,9.1,66.8,Average
75.4,18.5,67.8,42.1,44.5,60.3,44.3,67.3,64.2,6.6,2.43,4,4.3,7.3,60.4,Average
75.4,9.3,77.9,67.3,57.0,70.0,65.5,52.2,69.0,6.8,3.19,5,8.4,6.0,75.7,Good
67.0,14.4,41.9,55.6,40.5,40.2,100.0,48.2,46.7,4.5,2.18,10,21.6,7.7,41.0,Poor
100.0,22.1,100.0,74.7,86.0,82.7,64.5,94.6,94.0,6.8,3.53,3,10.6,23.7,81.0,Excellent
73.3,20.4,76.2,75.8,71.2,70.0,100.0,86.1,69.2,8.0,3.29,10,14.4,16.9,74.1,Good
50.0,4.9,61.3,77.6,65.6,71.6,92.5,18.4,28.2,6.4,3.26,8,22.5,6.6,65.5,Average
71.5,13.1,84.4,74.2,78.6,81.4,66.8,72.4,74.7,7.1,3.46,4,9.2,9.8,79.4,Good
73.1,10.5,94.4,92.4,87.4,99.7,80.0,51.5,43.1,6.2,4.0,5,12.2,14.2,91.4,Excellent
92.1,21.3,90.7,87.8,70.8,86.2,100.0,79.5,76.1,7.4,3.2,7,21.7,12.5,76.1,Excellent
66.6,11.4,46.0,42.3,32.4,23.3,57.7,47.3,48.4,6.8,2.0,5,8.6,9.5,44.7,Poor
73.0,16.2,56.4,67.3,49.5,51.4,63.0,51.5,50.0,6.1,2.41,4,8.3,11.5,64.3,Poor
80.4,23.5,65.2,49.2,57.9,55.5,58.2,73.6,69.3,8.3,2.44,3,6.2,13.5,66.4,Average
89.5,14.6,77.4,74.7,66.6,75.1,57.0,78.2,63.9,7.9,2.71,2,8.5,19.5,78.1,Good
58.4,13.9,57.6,74.2,65.8,70.6,70.9,49.8,24.2,6.4,3.01,4,5.5,5.1,80.6,Average
72.8,13.6,58.1,62.5,52.8,44.8,46.6,54.9,56.9,7.5,2.53,2,0.8,6.6,57.9,Poor
75.1,9.9,71.1,73.3,52.6,69.1,72.1,48.1,48.4,7.5,2.88,5,13.5,10.2,69.5,Average
71.0,7.7,51.9,53.0,54.9,65.5,49.2,37.7,49.9,7.6,2.8,3,5.7,8.2,58.5,Average
93.6,23.3,73.4,60.8,65.8,67.2,66.1,93.0,91.6,5.3,2.65,4,16.9,29.2,61.2,Good
84.1,19.8,54.1,37.2,33.6,45.8,40.1,69.5,59.5,8.0,2.4,0,7.2,15.6,56.0,Poor
50.0,8.3,61.4,58.7,47.1,53.6,75.9,33.4,36.9,6.4,2.81,6,9.2,5.7,60.1,Poor
87.6,24.1,66.2,50.9,47.0,50.3,74.5,69.5,66.7,6.6,2.31,6,17.0,12.5,62.9,Average
93.0,21.3,66.6,58.2,59.1,61.1,34.0,88.1,100.0,9.6,2.56,2,6.7,14.8,71.8,Average
76.2,20.1,87.1,89.1,77.7,81.4,78.8,63.6,67.7,7.3,3.49,7,11.8,13.1,82.8,Good
62.4,3.6,50.6,56.9,45.9,47.1,81.0,30.7,31.1,6.6,2.23,8,13.3,6.3,51.1,Poor
77.0,13.7,96.9,100.0,90.7,100.0,66.5,43.7,42.9,4.8,3.58,4,3.4,14.3,100.0,Excellent
87.0,24.0,83.2,69.6,73.1,74.9,90.1,75.7,87.4,8.4,3.27,8,18.0,20.4,77.5,Good
72.7,10.2,64.9,66.3,82.1,75.7,83.6,43.5,44.6,5.7,3.17,6,17.6,9.9,70.5,Good
87.5,9.4,56.3,63.1,54.1,54.5,51.8,53.6,63.8,6.0,3.07,3,3.1,12.8,64.0,Average
89.3,19.5,85.4,86.4,75.3,76.0,76.3,87.8,80.8,6.7,3.31,7,7.4,15.9,87.4,Good
73.9,11.7,61.6,58.5,58.6,60.1,69.1,56.1,43.6,8.4,2.93,8,14.9,6.7,65.4,Average
78.1,15.9,67.1,70.0,66.8,67.0,75.1,52.9,63.1,7.8,3.01,5,12.4,16.9,64.5,Average
50.0,2.5,89.0,98.4,97.7,99.6,94.2,13.6,0.0,6.8,4.0,6,3.1,0.0,76.7,Excellent
56.7,6.7,60.6,73.7,69.3,59.6,57.6,48.0,30.3,7.3,3.3,5,5.2,7.6,67.8,Average
71.2,15.8,83.8,88.1,83.8,84.0,73.3,65.7,56.3,6.4,3.03,5,14.7,4.3,80.2,Good
58.3,12.3,59.4,69.8,54.6,53.7,46.5,34.7,35.0,7.1,2.8,2,0.3,6.4,55.7,Poor
100.0,17.8,77.6,62.2,57.6,74.7,62.2,93.2,94.4,7.1,3.41,6,20.5,21.0,81.3,Good
59.8,8.8,86.4,90.5,100.0,77.6,64.0,34.2,33.6,8.0,3.76,3,0.0,3.1,82.9,Excellent
71.2,11.3,57.7,60.6,60.2,48.5,61.0,42.7,53.7,8.0,3.08,4,7.5,8.0,62.2,Average
79.1,15.4,91.4,97.3,88.3,100.0,100.0,67.8,49.4,7.5,3.6,7,19.9,14.9,92.5,Excellent
89.6,23.2,84.7,76.6,82.6,83.3,90.0,91.9,100.0,6.6,3.28,5,21.0,13.3,81.0,Excellent
69.1,6.4,52.3,54.9,53.1,49.1,71.5,59.2,32.8,7.7,2.78,6,9.6,9.4,66.5,Poor
83.5,18.8,82.5,82.1,69.0,73.6,60.0,67.8,86.5,6.9,2.81,4,6.0,15.1,77.0,Good
76.1,15.2,74.0,85.9,74.3,76.1,70.2,65.7,53.5,5.9,3.16,4,9.8,10.9,83.1,Good
61.5,6.8,70.1,71.2,61.9,60.9,79.7,42.0,44.8,6.6,3.03,9,16.5,4.7,79.5,Average
73.0,14.1,52.0,54.1,44.7,43.1,68.2,73.2,57.9,7.1,2.54,5,13.4,15.0,49.3,Poor
73.9,18.0,61.0,64.8,41.3,52.6,100.0,51.2,67.2,7.9,2.88,9,25.0,20.2,61.8,Poor
68.8,8.6,62.8,65.3,52.7,54.8,80.7,40.9,46.3,6.8,2.97,6,7.7,11.9,70.8,Average
73.6,17.3,69.1,67.4,49.4,65.7,67.0,54.8,61.5,5.8,3.14,5,10.4,9.7,75.3,Average
67.7,14.5,77.9,80.0,73.7,77.6,52.6,54.9,58.6,7.1,3.22,5,4.9,13.9,73.8,Good
69.1,10.4,77.1,65.3,66.6,82.9,74.3,56.6,52.2,7.1,3.31,4,9.7,11.5,68.6,Good
81.2,16.3,54.0,49.5,42.7,39.2,62.5,75.2,66.4,7.2,2.47,6,13.6,18.8,64.1,Poor
83.3,26.5,76.5,60.4,63.4,86.4,74.1,92.0,92.2,7.9,3.16,8,17.0,20.8,86.1,Good
66.4,5.9,65.9,81.8,66.0,77.7,82.5,46.2,54.5,8.0,3.19,7,20.1,0.0,65.3,Good
96.7,24.3,84.9,66.5,76.6,79.8,74.8,100.0,97.3,6.4,3.36,5,10.9,17.5,78.1,Excellent
50.0,6.6,71.4,92.2,77.4,77.7,53.9,34.0,29.6,6.4,3.35,1,0.0,7.0,74.1,Good
71.9,16.6,75.4,77.7,79.7,77.0,50.3,48.0,56.4,6.0,3.53,2,0.8,11.8,80.9,Good
77.1,17.2,72.0,73.2,65.7,77.8,76.7,79.7,86.1,7.7,2.96,7,11.8,11.3,75.4,Good
79.4,14.6,68.3,63.3,65.2,76.1,42.6,59.4,51.1,8.4,2.75,4,4.9,11.2,73.8,Good
75.5,16.2,47.9,43.0,49.2,41.6,28.6,57.9,49.5,6.7,2.47,1,1.4,3.8,47.3,Poor
63.5,19.2,77.1,82.5,75.5,76.1,76.6,69.5,43.2,6.8,3.15,3,11.9,10.9,62.9,Good
70.6,15.5,67.2,56.0,65.2,65.8,100.0,56.3,31.1,8.5,2.99,9,19.1,16.7,68.0,Average
68.3,12.3,68.2,79.5,70.9,60.1,70.7,39.2,51.8,7.5,3.29,4,6.0,12.1,70.7,Average
86.9,16.8,54.3,52.2,44.2,48.7,77.5,65.4,76.4,7.4,2.37,6,14.5,22.0,59.3,Poor
79.6,14.3,58.7,45.6,48.8,58.4,65.1,75.9,64.1,5.8,2.53,5,11.3,16.1,54.8,Poor
64.3,13.1,74.9,76.3,78.5,71.9,67.5,48.3,46.7,7.7,3.7,4,11.7,12.3,68.7,Good
82.4,20.8,76.9,77.5,63.3,63.6,86.0,74.1,100.0,6.1,3.29,6,12.4,21.5,70.6,Good
74.1,20.7,70.8,71.9,76.7,79.9,59.3,70.7,63.5,5.9,3.59,3,8.2,14.4,82.5,Good
88.5,21.0,72.6,61.5,58.5,64.8,63.9,77.8,78.7,6.7,2.95,5,13.4,14.7,79.8,Good
81.4,13.6,75.0,75.2,58.3,65.2,78.7,71.7,66.1,6.4,3.26,7,7.4,17.6,78.8,Good
76.2,14.0,78.0,83.2,69.4,76.2,67.2,45.9,47.4,6.8,3.19,3,2.5,13.0,72.0,Good
69.1,9.2,74.5,55.1,46.1,48.3,82.0,49.1,48.0,5.6,2.61,6,11.8,8.3,56.8,Poor
78.9,17.6,76.6,70.6,57.9,65.7,60.9,78.1,70.2,8.0,2.57,4,8.2,12.8,76.4,Average
73.5,18.8,62.5,55.4,59.2,66.3,52.8,73.6,85.5,8.1,3.15,4,8.0,14.9,71.0,Average
65.8,20.9,64.2,68.5,52.2,52.1,74.6,57.6,69.0,5.1,2.65,7,12.2,14.4,67.6,Poor
68.3,24.9,58.0,70.0,64.0,52.9,47.0,70.4,63.2,8.0,2.85,0,4.1,14.9,57.3,Average
89.1,23.2,78.7,74.3,68.6,71.9,67.8,78.1,64.6,6.2,2.91,6,14.0,12.8,73.0,Good
71.6,11.5,57.1,63.5,44.0,61.4,70.7,44.3,46.5,7.9,2.95,6,13.9,15.4,62.7,Average
72.6,19.3,92.4,96.1,88.4,88.1,99.7,62.1,91.5,6.9,3.43,6,21.4,12.3,87.2,Excellent
77.5,16.7,55.5,55.5,57.3,49.1,70.6,49.1,54.5,7.0,2.38,5,6.2,10.4,64.1,Poor
70.4,12.9,66.1,58.3,55.2,63.4,72.5,54.6,64.9,6.8,3.01,4,11.2,8.4,68.0,Average
86.7,25.9,67.0,64.5,61.3,53.9,70.5,86.4,91.3,8.2,2.54,6,15.8,24.5,71.7,Average
91.3,19.8,100.0,100.0,80.7,96.4,100.0,65.9,76.6,5.8,3.41,8,19.1,16.0,88.2,Excellent
87.6,20.6,74.8,64.7,68.6,75.7,75.3,73.7,67.9,7.6,2.66,4,13.2,12.7,78.6,Good
86.7,23.5,98.1,80.3,71.6,86.3,76.9,74.3,64.0,8.1,3.13,4,13.0,19.8,87.1,Excellent
70.8,16.4,56.3,49.7,30.2,49.4,41.7,58.2,65.9,7.7,2.44,4,3.9,14.4,55.6,Poor
71.1,20.9,79.0,71.4,66.3,67.2,62.0,58.1,65.8,9.3,2.71,2,4.3,14.2,74.1,Good
68.3,11.6,81.0,74.6,77.5,86.8,65.5,53.6,55.8,6.5,3.06,6,5.2,13.3,78.1,Good
77.2,14.9,74.6,75.9,63.5,70.5,64.4,63.3,55.8,8.0,3.03,4,6.3,10.8,74.5,Good
68.8,11.0,72.5,96.8,72.7,81.5,71.1,62.4,55.5,6.9,3.32,3,9.5,10.0,81.5,Good
75.3,16.8,62.9,61.9,54.4,59.0,67.5,63.2,62.0,8.2,3.19,6,12.3,6.4,67.1,Average
81.3,20.3,94.1,82.3,88.0,91.3,84.1,59.3,72.9,7.0,3.93,6,16.4,10.4,93.2,Excellent
65.7,12.3,93.3,90.9,99.2,100.0,76.2,56.4,36.4,6.6,3.75,4,6.5,14.2,91.0,Excellent
92.7,30.5,69.1,64.5,60.8,63.1,75.4,93.1,100.0,8.3,2.97,6,17.5,25.3,71.5,Good
65.8,10.0,59.4,68.4,53.6,51.3,68.4,46.5,37.1,6.5,2.97,6,11.2,8.2,65.9,Poor
65.1,10.9,89.9,91.2,95.0,91.6,48.8,41.7,24.7,5.6,3.46,2,1.2,12.1,72.8,Excellent
81.1,17.5,100.0,90.1,80.5,93.3,64.2,73.2,80.0,6.5,3.33,4,7.4,16.2,85.0,Excellent
90.0,17.8,67.4,57.1,60.6,67.2,69.2,73.6,74.5,7.6,2.79,5,10.2,14.4,69.6,Good
80.7,20.2,72.8,55.6,67.0,73.0,54.4,73.2,72.5,8.4,2.8,1,5.8,14.7,70.9,Good
81.4,20.7,67.9,69.1,64.1,62.6,72.3,55.5,82.2,7.1,2.8,6,10.8,14.1,63.5,Average
78.4,14.1,45.3,54.7,43.4,49.5,90.6,55.5,57.9,8.3,2.55,10,17.0,11.3,54.6,Poor
67.2,10.3,49.9,45.9,47.5,41.8,77.8,44.5,42.9,5.6,2.48,8,16.5,11.8,54.2,Poor
80.5,10.8,66.1,63.5,57.2,55.8,64.7,63.2,52.5,6.6,2.37,7,11.0,12.8,57.8,Average
69.7,10.5,56.0,60.7,43.5,53.2,91.6,59.4,54.4,6.7,2.71,9,15.3,11.4,64.3,Poor
81.7,22.5,73.2,75.9,57.7,73.2,62.5,68.5,79.0,6.9,3.06,6,13.3,19.0,77.1,Good
75.3,16.0,70.6,63.2,65.7,66.3,66.6,53.8,54.0,7.1,2.86,5,5.5,12.6,71.7,Average
61.0,12.4,94.0,81.5,96.9,78.5,66.2,43.5,29.9,7.7,3.81,4,7.4,5.8,79.5,Excellent
72.3,13.5,64.5,53.1,52.7,52.8,56.7,48.8,65.8,6.6,2.25,3,7.6,6.7,52.0,Poor
79.0,17.1,95.0,84.8,73.0,72.0,75.9,63.4,57.6,7.1,3.28,4,8.1,14.1,88.6,Good
68.3,10.2,63.8,75.8,59.6,59.4,68.2,57.7,45.1,7.0,2.86,7,8.6,9.2,68.6,Average
66.1,13.0,66.8,71.5,60.0,68.6,68.1,39.2,48.1,6.1,2.85,5,9.0,9.0,62.7,Average
68.0,17.5,71.7,76.0,70.2,79.9,73.8,67.1,54.8,6.9,3.16,5,9.2,12.9,81.3,Good
74.7,17.7,65.1,46.1,55.0,61.7,74.4,50.1,52.5,6.9,2.93,7,14.6,20.7,59.4,Average
70.4,10.9,66.2,80.7,61.1,77.2,89.1,47.9,33.9,6.8,2.98,6,13.8,6.0,70.4,Good
71.1,6.2,70.7,64.5,78.8,63.9,90.9,50.3,57.3,7.0,3.55,6,18.6,4.1,72.0,Good
72.2,19.5,71.6,84.7,78.2,76.0,52.8,76.9,59.8,7.1,3.28,1,7.4,13.9,72.1,Good
66.8,6.3,63.3,70.3,77.0,65.6,22.2,36.1,57.4,6.6,3.13,0,0.0,5.1,65.4,Average
56.6,5.4,88.2,100.0,98.6,91.2,93.6,21.3,26.7,8.3,4.0,6,12.1,7.3,89.5,Excellent
72.7,13.5,55.7,63.1,54.4,48.3,43.5,33.2,39.7,5.8,3.25,1,0.0,10.9,58.3,Poor
75.0,12.8,59.9,59.7,47.0,54.3,66.4,57.1,51.6,6.3,2.59,6,7.5,15.0,67.2,Average
74.9,19.7,61.3,56.2,52.0,46.1,36.2,69.6,67.5,9.8,2.53,2,10.8,8.7,74.4,Average
98.6,24.2,74.9,58.2,60.1,64.3,52.9,85.1,82.8,6.0,2.63,2,3.0,16.2,66.6,Good
77.6,21.3,61.1,61.6,64.5,58.7,77.6,74.2,80.3,5.6,2.75,6,15.5,16.7,58.7,Average
78.0,10.1,84.6,85.1,75.1,75.3,88.1,66.9,49.3,7.7,3.13,8,15.1,13.7,71.2,Good
79.8,18.5,93.0,84.3,83.7,92.1,74.4,55.4,48.6,4.9,3.57,5,4.1,18.5,83.4,Excellent
61.6,10.8,55.6,59.0,55.4,58.2,40.0,52.1,27.6,6.8,3.11,1,0.0,10.9,57.0,Poor
81.8,13.8,56.3,56.8,42.7,55.0,62.0,46.7,41.9,9.1,2.7,4,3.6,11.8,62.6,Poor
70.9,14.0,73.1,61.8,76.2,71.4,83.0,48.4,50.7,5.5,3.13,6,8.7,8.2,74.2,Good
79.7,11.3,70.9,63.0,51.6,63.0,45.7,50.4,63.4,5.0,2.66,1,0.0,11.6,57.8,Average
68.0,12.1,74.4,71.0,73.1,77.9,75.2,45.4,40.1,5.5,3.43,7,10.9,6.9,63.9,Good
79.5,14.5,72.4,63.9,64.9,74.2,68.4,67.4,79.3,7.9,2.92,4,17.1,16.0,75.6,Good
94.4,18.6,61.9,36.7,36.7,43.9,67.0,83.9,97.4,8.1,2.76,7,16.4,18.9,61.7,Poor
77.9,9.9,82.5,78.9,88.2,93.0,76.1,58.9,55.4,6.5,4.0,6,6.1,7.6,82.9,Excellent
70.3,20.3,97.0,85.0,90.4,100.0,57.6,58.6,52.9,7.7,3.77,2,4.0,12.3,81.3,Excellent
88.4,16.6,68.1,55.2,53.2,56.4,84.5,68.8,67.9,8.4,2.75,8,16.0,17.4,69.0,Average
62.7,17.6,61.8,74.3,54.1,71.8,57.3,42.0,48.0,8.8,3.05,5,5.4,11.5,70.9,Average
82.4,14.5,70.4,68.8,71.5,69.3,72.0,74.3,58.8,6.8,3.33,7,12.9,14.6,75.1,Good
80.8,9.9,69.6,73.7,81.6,72.6,57.5,57.8,54.6,4.7,2.97,3,7.8,13.2,69.2,Good
70.5,12.1,81.1,79.6,75.9,73.9,67.4,57.6,56.5,6.2,3.16,3,4.5,17.3,77.2,Good
65.2,14.8,96.4,96.9,100.0,97.4,64.2,61.1,43.0,6.6,3.54,3,6.2,9.6,80.2,Excellent
69.7,14.7,64.8,65.1,52.6,53.8,81.9,50.4,55.4,6.7,3.01,5,13.8,10.9,73.6,Average
78.9,15.8,65.2,49.7,54.1,52.9,98.5,58.5,70.6,6.8,2.81,8,25.0,11.2,64.4,Average
88.0,22.7,50.3,57.4,36.6,44.2,36.3,73.0,89.0,8.1,2.18,2,14.6,18.6,53.2,Poor
88.5,21.3,63.1,68.6,43.7,60.0,43.3,73.8,70.0,8.3,2.62,0,1.1,8.5,65.0,Average
100.0,29.1,80.2,57.4,59.3,81.0,88.9,95.8,100.0,6.8,2.72,8,25.0,20.1,80.6,Good
74.3,15.5,83.1,87.0,100.0,96.5,70.8,54.4,38.3,8.1,3.54,7,6.4,8.3,83.2,Excellent
80.9,18.3,63.5,59.1,63.9,48.0,50.7,93.7,62.8,7.4,2.9,4,6.6,11.4,66.9,Average
75.8,11.9,70.3,65.3,70.1,83.6,88.9,44.8,66.3,7.1,2.94,8,16.5,9.9,66.8,Good
88.5,24.7,82.2,70.8,54.0,77.3,57.4,97.7,92.9,7.9,2.93,4,9.6,23.2,81.4,Good
62.9,11.7,79.3,80.3,81.5,78.1,100.0,43.4,48.0,7.1,3.15,9,18.7,9.5,75.4,Good
71.4,7.9,84.9,100.0,100.0,100.0,97.8,42.7,25.7,9.1,4.0,7,7.7,8.9,81.1,Excellent
77.1,9.1,50.0,67.7,58.3,57.2,66.9,46.1,60.4,5.6,2.78,4,5.6,10.5,60.4,Average
50.0,5.4,50.5,62.4,44.8,46.7,95.7,20.9,27.1,6.5,2.66,9,20.4,3.8,61.5,Poor
66.8,12.2,82.2,88.8,74.4,82.8,68.5,65.6,38.5,6.9,3.38,3,5.7,13.6,76.4,Good
67.3,11.3,60.6,84.2,74.8,71.2,87.7,55.4,34.5,7.4,3.31,6,12.6,9.3,82.5,Good
77.9,13.5,90.4,90.5,96.5,94.7,81.4,62.4,76.1,8.3,3.58,6,13.2,8.2,91.2,Excellent
74.4,16.0,76.1,71.3,58.4,73.6,88.6,75.9,60.3,7.0,2.94,7,20.7,18.3,78.9,Good
95.9,21.6,82.0,63.4,58.5,60.2,99.7,76.0,87.1,5.6,3.22,8,16.6,20.6,73.3,Good
82.1,22.4,79.9,81.4,74.9,81.1,74.6,63.6,59.0,7.8,3.11,6,13.8,14.0,79.4,Good
69.2,15.2,82.3,84.4,87.6,85.9,67.4,33.9,46.8,7.8,3.42,4,4.3,5.9,77.5,Good
68.7,5.0,76.1,70.0,82.2,79.6,76.9,40.9,42.0,5.1,3.53,7,11.0,9.6,73.1,Good
80.0,14.7,67.9,70.3,76.7,82.0,56.3,68.7,74.6,7.0,3.91,4,10.8,13.6,79.7,Good
59.6,3.9,80.0,82.5,75.4,80.7,100.0,41.0,25.0,5.4,3.18,8,13.8,11.4,70.7,Good
92.8,22.2,94.3,83.9,69.2,89.8,77.3,88.7,80.8,6.3,3.56,5,11.3,18.3,83.6,Excellent
86.4,20.6,95.0,99.2,83.0,98.9,66.1,66.4,84.8,6.1,3.41,4,4.7,14.2,82.9,Excellent
68.5,8.3,95.1,68.8,81.7,67.4,76.0,59.4,59.6,7.8,3.15,4,8.3,12.8,84.8,Good
56.6,3.7,49.0,68.7,72.2,52.1,40.5,36.2,16.6,7.1,2.79,4,3.8,7.9,64.1,Average
96.5,18.8,87.2,79.0,72.2,69.0,50.6,86.2,93.0,5.7,2.83,3,7.5,17.9,78.4,Good
76.7,15.0,82.5,98.5,86.1,92.3,97.4,43.1,58.2,7.9,3.47,8,11.8,13.6,76.3,Excellent
85.9,21.4,67.8,54.1,55.4,64.5,59.1,81.1,91.0,5.6,2.38,5,7.7,16.8,69.9,Average
62.5,4.9,66.2,76.1,66.6,69.4,54.2,26.6,30.7,7.3,3.34,2,0.0,6.3,66.7,Average
67.3,12.5,60.2,65.9,58.2,64.7,71.0,47.8,29.0,6.2,2.85,7,8.1,13.1,64.7,Average
80.9,13.4,67.5,69.6,77.1,62.2,82.8,64.4,58.9,6.6,3.1,7,17.1,13.9,65.4,Good
77.3,14.4,87.2,85.3,77.6,89.7,85.3,61.4,69.3,7.5,3.42,6,10.2,11.7,83.8,Excellent
70.0,17.8,62.5,73.3,79.2,67.5,89.1,46.4,44.7,7.5,3.0,6,17.4,14.3,68.0,Good
83.5,22.1,77.4,53.5,63.4,75.3,63.5,69.4,68.1,8.3,3.08,5,7.2,7.4,69.1,Good
56.5,5.8,46.3,53.1,53.9,40.3,39.4,31.7,39.4,6.9,2.22,2,1.0,13.9,55.8,Poor
67.9,16.8,72.6,79.2,66.3,76.1,90.5,67.1,34.2,7.3,3.23,9,16.4,6.3,69.2,Good
70.2,18.0,76.1,75.7,78.8,81.1,69.7,60.2,75.5,6.6,3.09,2,10.9,10.6,79.8,Good
80.9,14.1,100.0,100.0,92.3,100.0,72.9,76.7,62.0,7.2,3.69,6,12.1,13.9,97.1,Excellent
90.8,21.0,67.2,59.6,50.5,60.9,85.8,66.5,76.9,7.4,2.45,9,19.1,14.4,65.4,Average
74.9,14.0,68.8,68.6,69.8,65.6,86.1,38.9,39.1,6.9,3.36,6,12.2,10.5,63.6,Good
62.8,4.0,61.7,83.4,75.8,58.5,82.2,30.9,42.4,5.2,2.96,6,8.6,2.7,65.2,Average
90.3,18.6,99.1,85.1,82.7,82.4,100.0,86.2,86.2,7.3,3.86,10,25.0,17.9,92.3,Excellent
69.3,19.7,73.9,63.4,53.1,68.0,53.5,59.3,64.1,7.4,3.18,6,6.4,11.6,69.6,Average
64.8,12.1,78.8,71.0,68.5,72.1,86.4,53.9,39.4,6.3,2.85,5,13.1,9.9,72.0,Good
86.6,24.4,84.2,81.6,73.5,84.5,79.2,80.2,94.3,5.7,3.03,6,12.6,18.0,91.1,Excellent
73.1,16.6,76.2,71.9,71.6,58.8,73.1,45.9,47.1,8.5,3.59,5,10.2,12.7,69.8,Good
86.0,22.1,71.0,54.0,65.0,62.5,97.5,73.1,86.4,7.5,3.17,8,17.9,15.1,61.7,Average
73.3,11.4,79.1,67.5,67.5,57.1,85.1,51.6,52.4,6.8,3.07,6,14.1,10.7,76.3,Good
85.7,28.4,89.6,79.4,94.1,100.0,91.8,91.2,100.0,5.9,3.48,6,20.7,21.1,97.4,Excellent
96.3,27.3,70.2,53.2,51.2,51.1,82.5,76.8,92.9,6.2,2.46,7,22.4,21.9,68.7,Average
67.1,13.1,69.4,72.4,64.6,75.7,68.1,63.7,60.7,8.3,3.14,3,3.9,9.2,64.9,Good
85.9,19.7,66.1,60.7,43.2,65.4,61.0,73.8,78.1,7.1,2.58,4,11.6,13.3,66.3,Average
91.8,13.6,88.0,74.1,81.1,83.3,62.5,68.3,57.6,6.4,3.07,1,5.1,16.4,78.9,Excellent
84.1,23.4,59.8,53.1,39.8,41.3,30.4,85.8,77.7,7.5,2.13,2,4.7,17.4,63.5,Poor
52.7,11.9,57.9,61.7,63.3,56.3,95.8,53.2,48.0,6.2,2.78,9,15.6,10.6,53.8,Poor
80.4,18.2,79.0,81.6,73.9,70.7,56.5,70.1,73.7,8.5,2.92,2,6.3,12.0,75.0,Good
91.1,23.7,100.0,92.6,80.2,96.9,68.1,69.7,88.5,8.4,3.61,5,12.0,10.9,84.9,Excellent
67.2,5.2,65.3,73.7,65.2,56.0,64.8,19.4,31.6,6.5,2.76,3,0.6,3.4,62.9,Average
57.0,10.8,61.8,63.0,61.4,42.7,77.3,36.8,31.0,6.4,2.62,6,11.0,5.0,57.9,Poor
57.1,2.0,80.1,100.0,100.0,75.6,80.7,24.5,16.9,4.4,3.92,5,14.0,3.6,81.5,Good
70.0,13.6,46.8,50.9,49.5,44.1,83.3,56.8,56.0,5.5,2.47,7,13.2,9.0,54.6,Poor
81.6,18.1,52.0,36.6,37.3,31.3,55.9,68.0,54.4,5.7,2.12,3,12.6,17.1,45.9,Poor
100.0,23.2,87.2,87.8,72.0,76.7,67.4,88.0,100.0,7.1,3.35,4,11.6,17.1,83.5,Excellent
68.2,14.3,71.7,66.3,60.2,63.4,74.4,56.2,64.9,6.7,2.9,6,14.1,12.7,65.0,Average
92.6,22.7,62.9,57.1,58.4,64.2,61.2,84.0,99.1,5.7,2.88,4,5.4,19.0,61.4,Average
63.5,10.6,70.5,70.3,66.3,71.2,100.0,48.8,22.5,6.7,3.19,8,22.5,7.1,82.8,Good
63.4,5.2,56.2,63.7,66.2,62.0,83.5,37.2,39.3,7.5,3.01,4,13.5,5.1,68.0,Average
74.9,9.9,61.0,61.9,51.1,60.8,71.2,58.7,76.9,7.5,2.51,7,12.7,13.3,63.4,Average
80.4,22.2,61.5,50.9,48.4,39.9,76.5,60.9,56.3,5.1,2.4,8,8.2,11.1,65.8,Poor
72.7,19.0,78.0,76.5,86.7,82.2,90.9,54.4,65.6,6.9,3.54,10,16.7,16.1,87.8,Excellent
55.7,2.0,70.7,77.9,70.6,72.4,76.4,22.2,22.8,5.6,3.52,5,2.4,3.0,67.5,Good
72.4,16.6,67.4,76.1,46.8,69.1,46.4,54.3,46.0,7.9,3.15,3,4.7,7.7,70.4,Average
65.1,7.0,87.3,98.0,89.8,79.7,94.0,46.5,40.5,7.8,3.38,4,10.6,7.3,78.3,Good
79.8,19.1,54.8,46.2,55.3,48.0,60.1,68.3,78.7,6.1,2.79,5,5.3,12.1,61.2,Poor
80.6,17.7,54.0,46.0,45.9,38.8,50.7,54.7,61.8,6.2,2.02,5,11.5,15.5,55.2,Poor
65.5,9.6,42.0,53.5,57.6,52.8,68.7,60.0,52.4,6.5,2.9,6,13.5,14.9,60.2,Poor
75.5,10.1,65.9,65.0,62.4,67.1,86.4,54.9,37.4,4.7,2.91,9,18.1,7.6,69.2,Average
64.2,7.6,59.5,68.9,59.7,75.6,73.7,32.9,29.0,7.3,3.24,5,8.0,8.8,71.0,Average
65.5,11.9,72.8,61.8,65.0,59.9,74.6,55.5,60.0,6.7,2.64,5,7.2,6.5,68.5,Average
90.9,17.3,82.9,65.4,64.4,73.5,100.0,75.2,77.4,8.0,3.38,9,23.4,17.2,71.3,Good
60.6,9.9,52.4,49.7,61.5,49.9,71.3,58.9,36.5,5.9,2.21,4,8.4,5.4,48.8,Poor
76.8,15.4,97.5,84.8,90.7,93.9,100.0,58.7,75.5,6.4,3.44,10,19.8,12.1,83.7,Excellent
66.7,14.4,61.6,49.3,59.7,71.2,79.7,59.9,54.7,5.5,2.77,5,15.8,6.6,65.6,Average
73.9,15.5,88.2,96.0,77.5,83.4,42.2,59.3,52.6,6.0,3.1,0,5.9,11.0,83.3,Good
63.3,12.7,78.2,79.3,69.5,65.1,82.0,53.4,57.1,5.8,3.16,6,13.4,14.6,67.2,Average
80.3,10.5,69.1,72.1,70.2,62.2,83.3,42.3,46.2,8.0,3.54,7,16.3,7.9,68.6,Good
74.7,13.7,79.7,76.1,81.4,64.6,91.9,43.4,46.5,6.3,3.76,7,15.6,7.2,78.2,Good
64.1,10.4,63.9,67.2,73.0,73.3,84.9,40.4,54.9,7.1,3.2,5,9.8,12.0,68.2,Good
94.4,25.1,83.4,87.2,69.5,92.3,69.5,89.2,88.9,6.6,3.48,4,11.3,17.6,86.6,Excellent
76.8,17.4,83.1,98.0,98.2,99.5,53.1,65.8,77.5,5.7,3.58,3,8.9,5.7,82.7,Excellent
70.6,12.9,66.2,71.7,68.3,72.4,67.2,58.2,47.7,6.8,3.18,3,5.2,10.6,70.5,Good
80.4,12.4,74.3,84.1,81.0,86.2,62.3,57.2,52.8,7.6,3.22,2,8.4,9.5,76.8,Good
76.7,17.0,74.5,67.8,59.4,61.6,57.6,42.6,68.9,5.8,3.0,6,5.2,14.5,72.0,Average
73.2,16.6,84.9,80.1,89.1,82.2,84.9,56.5,57.0,7.8,3.68,5,11.1,10.0,75.8,Excellent
80.2,15.8,66.7,56.1,57.0,63.7,87.0,71.6,77.9,6.2,2.61,8,22.7,16.3,63.9,Average
81.8,18.9,92.5,94.0,78.8,100.0,90.5,73.4,83.4,6.5,3.7,5,12.3,19.2,92.5,Excellent
68.7,14.4,57.8,64.7,78.5,64.9,50.4,49.4,53.2,7.5,2.97,2,1.7,6.3,70.1,Average
74.9,11.5,51.3,46.7,52.6,44.1,76.8,52.4,44.9,6.3,2.59,7,14.5,8.0,60.9,Poor
75.2,16.8,60.6,69.2,64.1,69.9,96.2,68.0,62.9,7.0,2.84,8,20.2,10.7,68.2,Average
50.0,10.6,50.0,58.0,47.1,54.6,57.0,28.5,18.6,6.7,2.72,3,4.3,7.4,61.4,Poor
63.1,5.1,65.7,80.1,80.0,82.2,67.2,34.3,38.2,7.1,3.72,3,4.3,4.0,69.1,Good
89.6,17.7,78.9,52.5,55.8,65.3,56.5,76.5,67.4,4.6,2.97,6,11.3,15.7,75.6,Good
91.4,24.1,77.4,57.5,60.8,71.5,48.6,83.3,93.2,5.2,3.09,3,9.6,20.0,76.2,Good
70.6,15.9,46.6,33.8,38.0,38.9,63.4,69.4,50.4,7.6,2.25,8,13.7,9.3,45.5,Poor
86.4,17.2,73.8,67.5,61.8,59.3,72.8,67.2,83.6,8.0,2.88,3,7.6,14.8,69.3,Average
82.9,20.9,38.2,21.4,38.8,34.0,64.8,64.5,70.6,6.1,2.23,6,14.9,8.6,46.8,Poor
100.0,26.4,69.1,52.7,45.2,45.6,50.7,100.0,100.0,6.8,2.68,5,12.0,30.0,69.6,Average
88.2,22.7,85.7,87.0,69.1,90.0,56.1,85.6,84.0,7.3,2.91,4,4.9,12.4,81.0,Good
68.9,12.5,80.1,77.2,86.3,71.9,78.8,73.8,49.7,7.7,3.05,6,10.6,10.5,75.8,Good
58.5,15.4,76.7,58.3,82.9,71.7,71.0,49.3,55.8,5.0,3.43,5,4.7,8.1,77.3,Good
55.8,12.9,54.0,52.3,72.6,40.0,92.5,36.6,47.0,6.1,2.56,8,15.2,11.3,53.4,Poor
81.3,13.7,71.9,66.9,56.4,70.4,63.0,63.3,66.8,6.7,2.85,4,14.1,8.8,74.5,Good
72.2,9.6,57.9,61.9,66.6,63.7,76.2,29.6,59.1,7.7,2.75,5,10.3,14.9,65.8,Average
63.3,10.5,44.2,48.7,33.0,33.2,86.4,44.6,29.8,9.5,2.43,6,9.3,8.6,61.1,Poor
72.2,10.6,84.2,98.2,91.4,91.0,55.1,51.4,42.0,6.8,3.32,3,2.3,10.7,79.1,Excellent
66.8,9.5,75.6,84.3,74.3,73.2,48.3,47.2,40.9,5.6,3.77,2,0.0,4.7,71.4,Good
88.7,23.5,70.1,59.4,75.1,75.5,47.0,79.6,93.8,7.4,2.91,2,6.7,20.5,82.2,Good
86.0,13.6,86.8,58.8,60.0,71.0,100.0,70.1,72.7,8.3,3.0,8,19.8,13.4,71.6,Good
78.9,14.9,80.0,69.0,56.3,72.7,52.3,56.6,64.2,7.1,3.2,4,10.9,15.8,80.1,Good
93.6,20.3,55.9,38.1,31.1,34.5,100.0,90.4,89.1,6.1,2.38,9,25.0,15.0,60.0,Poor
81.7,13.9,67.8,67.5,47.5,59.8,59.7,58.1,53.4,8.0,3.09,3,12.3,12.0,67.1,Average
69.9,15.0,56.4,55.2,60.0,49.9,72.2,63.7,48.6,7.7,2.94,5,11.9,6.9,50.7,Poor
92.0,18.8,60.8,57.0,35.5,62.2,84.8,86.3,94.3,6.0,2.47,7,18.6,15.1,66.0,Average
85.7,20.1,69.7,75.7,61.0,74.7,98.4,57.9,71.1,7.4,2.83,9,25.0,16.4,69.9,Good
64.5,9.0,87.7,98.1,77.4,86.8,100.0,43.4,50.6,8.0,3.87,9,19.2,9.5,89.7,Excellent
68.7,13.2,70.5,76.7,72.4,83.0,100.0,51.9,46.8,8.2,3.15,10,13.2,14.9,83.6,Good
65.4,13.0,60.4,58.9,67.9,41.3,86.5,29.3,48.0,6.9,2.77,4,18.3,3.2,57.4,Poor
57.4,9.1,69.2,73.9,76.1,63.5,77.5,52.1,25.7,6.6,3.31,6,16.4,9.7,74.2,Average
